time,e1,e2,e3,shape12,shape13,shape23
1.25939137,4.9062609992765,5.1462933846034185,4.994016238708826,-0.008707040718894277,0.043310204314233935,0.02066475278360347
1.311326603,4.90616218981829,5.146537527814884,4.99421116799616,-0.011186838228989693,0.041635230259496225,0.01894263632619353
1.360147621,4.906059378433423,5.146721028503796,4.994495685577699,-0.013475439777868026,0.04017314749697842,0.017117804482136734
1.409504889,4.905842137958806,5.1468147652259155,4.994746125262352,-0.015484612989824953,0.03876267040388992,0.015277761235757303
1.460129723,4.905590025329287,5.147261839593107,4.99487616516775,-0.017963496147126,0.037282963355883325,0.01366417039987411
1.509867108,4.9053427231297615,5.147560430288456,4.9948717554282345,-0.019902465993951957,0.03548533640735485,0.01150630656958107
1.560381511,4.905072605799234,5.148102986231839,4.994476224417003,-0.02203530299213252,0.033802732080334685,0.010086816877914906
1.610157464,4.904763166777201,5.1486645208002,4.9939634220444695,-0.02386937602655781,0.032077549501700275,0.008499580085334912
1.660363391,4.90443773262825,5.149803103471127,4.99341033588046,-0.02624919234697831,0.030253849055633886,0.007412970451795786
1.710068989,4.904071962821257,5.150597304395483,4.9926201805758375,-0.027850860899136798,0.02823574956655328,0.0055136587262252235
1.75941537,4.903642281749179,5.151388927328908,4.99180209416947,-0.029610397864767712,0.026306755352468514,0.004484373373332851
1.809923566,4.903151429309737,5.151798418152918,4.991024702182659,-0.0313728152139241,0.02410400784840494,0.0032544354765891015
1.860283713,4.902364787661101,5.152096873121012,4.9901611210213686,-0.03401589296054208,0.02132534450376511,0.002692292019299991
1.909835757,4.9014685654492585,5.152068018364373,4.9892795187739996,-0.03647478860336406,0.018317337944166567,0.0016039353458836558
1.960127558,4.900512144892407,5.151889197433489,4.98872740492266,-0.03913512138546604,0.015346071409014783,0.0013400247205463955
2.010302576,4.899503116129041,5.1516385007663015,4.988456617953172,-0.04148416973879687,0.0122599792657061,0.0007615551769806217
2.060721528,4.898409792550895,5.151019249410825,4.988551770716945,-0.043848419136148564,0.008728069633035851,0.000826205668455593
2.109450049,4.897531569208497,5.150405868259799,4.988943879377123,-0.04583315524020115,0.005480494309264117,0.0005087390356992572
2.160295543,4.896777655671016,5.149345444028098,4.989673992304421,-0.047579799492031505,0.0020562346707766466,0.00032882278132539966
2.210184651,4.89617905829461,5.148379255922458,4.990279209492965,-0.04938989719585862,-0.001133399136659996,1.864259823847192e-05
2.259631804,4.895542651213022,5.14704579131728,4.9909076989425385,-0.051462582498471576,-0.004525999012022552,3.498081855290991e-06
2.310362743,4.895129997050296,5.14488722100517,4.991472856274262,-0.053107215778536165,-0.00723440065986658,0.00028393290048267517
2.360557261,4.89465421537861,5.1425433418515984,4.991892755794381,-0.05480713999612785,-0.009711319802711671,0.0006073810424958026
2.409787154,4.8940858099886695,5.140834308830068,4.992192796785662,-0.056694519668360144,-0.012327691207490332,0.0008677202068465562
2.459523409,4.893687995817405,5.138223315595196,4.992570324012819,-0.05854852711313807,-0.014240424021083165,0.001553106073892252
2.510004756,4.893413073119088,5.136652311956178,4.99287063139215,-0.06019814675991242,-0.015862742660787355,0.0021853631502022353
2.559738426,4.893223170935697,5.135245141011127,4.9930151606665305,-0.06166660376723332,-0.017003287447522553,0.0027507797851322735
2.610587828,4.892886145738852,5.134255810638569,4.992903792037091,-0.06320708273441777,-0.018378289078024856,0.0032492400765491425
2.659173366,4.892632267441661,5.133347038870689,4.992714626474129,-0.06456440282118603,-0.019298904835681974,0.003571371019581271
2.709717851,4.892267882310098,5.132606439286332,4.992511814639462,-0.06571346251710253,-0.02016811182659417,0.003721490042956077
2.759335321,4.891846130310048,5.131900452151757,4.991992515123616,-0.06655605422881994,-0.020981488174435015,0.003753407156116495
2.80957199,4.891483324195749,5.131155441263868,4.99144166675925,-0.06720814273656739,-0.021947527598078054,0.00359652019066381
2.859311798,4.891048461222225,5.13019414566448,4.990901812366221,-0.06776941181820018,-0.023135526906210124,0.0034176998528270275
2.910210324,4.890708981864244,5.1291947930902335,4.99016282442708,-0.06826695284462492,-0.024089390606497396,0.003187535047326051
2.960359813,4.890557475735735,5.128277350420837,4.9893105552703725,-0.06879492429587764,-0.025141562039994625,0.003031501078033294
3.0107712,4.89055526264603,5.127602213707733,4.988268992452265,-0.0695500613010962,-0.026466712816696436,0.0028724534710420357
3.059980314,4.89076456136404,5.126958705190245,4.987240065205444,-0.07031718245348006,-0.027532567343103054,0.0026682609303776417
3.110077419,4.89116888749052,5.126457360790741,4.986206286576807,-0.07094454763688685,-0.02852860094879084,0.0025366639251958034
3.160598219,4.891811902433797,5.125907671187322,4.984982516012744,-0.071616759233744,-0.02938494450155904,0.002514215522957386
3.210200482,4.8925670893562785,5.125574089825949,4.9840777568514945,-0.07189073834243409,-0.030033897350914884,0.002708904399336909
3.260085956,4.8935118955809855,5.125124735659056,4.983211699128782,-0.07243412179177877,-0.030977384905057193,0.0029715004655201938
3.309793571,4.894167889524281,5.125020229831862,4.982532955732834,-0.07278020336001578,-0.03192035619310918,0.003103540782936065
3.35965137,4.894656980225254,5.125056987836577,4.981954272473997,-0.07333716701572879,-0.032941682932241534,0.0031472705597250794
3.411590575,4.8949692069846895,5.12536977001847,4.981660483954309,-0.07354472483522656,-0.03421432992215134,0.0030559286796503216
3.460067327,4.894907747083583,5.125979912648479,4.981523648958578,-0.07356816001423994,-0.03556503980447712,0.002836593489202066
3.509761874,4.894581519239793,5.126420100022532,4.9815848692846005,-0.07366910129222948,-0.03728147310027108,0.0024388784368474248
3.559271061,4.894030789799718,5.127082927798315,4.981818961771569,-0.07365817726884583,-0.03943529737333229,0.001851907610393333
3.609845254,4.893364857187268,5.127596516441248,4.982076133451449,-0.07388327075526835,-0.04171388107977947,0.0012683193334730447
3.659277917,4.892451575059165,5.1281300420157985,4.982285756685341,-0.07414832722727116,-0.04409770749361286,0.0006360021143976269
3.710515926,4.8918027982787855,5.128834874715119,4.9825469844596055,-0.07407870746081002,-0.04653331502295632,-0.00035853763055904153
3.760133748,4.891283440002242,5.129438266011059,4.982838450784797,-0.07401419812303711,-0.048792405060157584,-0.0014486111627123321
3.809707696,4.890733161997991,5.12990044813271,4.983118783806885,-0.07402639254244647,-0.0510345841236548,-0.0025397268198732448
3.859725244,4.890245415017691,5.130431578368585,4.983390449433304,-0.07412736975995937,-0.053367359822110494,-0.003792047619503691
3.910452762,4.889752888696415,5.130587689797569,4.983984394238148,-0.07450133603973175,-0.0561209650450456,-0.0053631351072924716
3.959302438,4.889510099469315,5.130666898740544,4.984611761191358,-0.07486862560595764,-0.05835397907001294,-0.006769066874287688
4.010465391,4.889322691738723,5.130335802698409,4.98540370091727,-0.0752446208348374,-0.06049732863095336,-0.008389027647185188
4.059381655,4.889091961097934,5.129767474602671,4.986422314796017,-0.07560173148065008,-0.06278828085689003,-0.010404034655818073
4.110517853,4.888853924322973,5.129109925463526,4.987189148212685,-0.07602867812725389,-0.06462254186082994,-0.012155084510448333
4.15998333,4.888678414940858,5.128505497111443,4.9876829416725545,-0.07635750409051045,-0.06619726800368753,-0.013751825474039414
4.20972514,4.888593133596275,5.127925606345158,4.987855294166492,-0.07662741310894816,-0.06751126587813339,-0.015116714025944944
4.259308625,4.8886128081119224,5.126969857184221,4.987850596794056,-0.07702500311408134,-0.06844554312555129,-0.016732037790726295
4.30924582,4.888738697341288,5.126179242486601,4.987573187835302,-0.07733468038398872,-0.06928923737090553,-0.018074672490829613
4.35951623,4.888857267243173,5.125102552951462,4.987149855315097,-0.07784416995717702,-0.06977568851353144,-0.019414915466295923
4.409637008,4.888941149953557,5.123923188801529,4.986579288335002,-0.0783567189203449,-0.06972652933063284,-0.020393848206238907
4.459652718,4.8889827846239315,5.122756691866597,4.986099807944222,-0.07897543043355082,-0.0691849830636384,-0.02111514187018937
4.509873966,4.888949771667706,5.121464653504458,4.985998415730996,-0.07966151924304299,-0.06825199803757975,-0.021520137362594838
4.559482426,4.888743095041522,5.1201703884833245,4.986251390222324,-0.0804242302880418,-0.0672684351870183,-0.02205688341520151
4.609504109,4.888237931205524,5.119276765028828,4.986665774943828,-0.08090769672164644,-0.06612332392004028,-0.022534132566831566
4.65916495,4.887798660471371,5.118506733675409,4.987162496259755,-0.08122573187763571,-0.06489645754515383,-0.02320071562544257
4.709847867,4.887326574222283,5.118254444637107,4.987753576592081,-0.08113332380534732,-0.06317819636878319,-0.02323429829820256
4.759765686,4.886828247786346,5.118108607749838,4.988053534571188,-0.08142080970017762,-0.061443431993234654,-0.02360420514030448
4.809422622,4.886450740196357,5.11826381594946,4.988309661017931,-0.08150468484396711,-0.0594397549863217,-0.02340580316536567
4.85924251,4.886128131079807,5.118778929604583,4.988666366747028,-0.08170387752591246,-0.05747190901721133,-0.02312675558924049
4.910614728,4.88579333046211,5.1193571819598525,4.988930669847322,-0.0814650576512852,-0.05542673203976278,-0.02256515138103765
4.959430762,4.885492730749308,5.12049601788985,4.989114877588372,-0.0815747973474048,-0.05327824213607446,-0.0216519423797239
5.010276557,4.88510671234854,5.1214785031732974,4.9892366479026675,-0.08143779627908998,-0.05128783498349243,-0.020625990875411837
5.059803186,4.884643679025651,5.123079338816255,4.9893492457548545,-0.08143485506142767,-0.04922409994093968,-0.019250223906032815
5.109649261,4.884428885400398,5.124078846492525,4.989482320087511,-0.08119112688220298,-0.04687486828824383,-0.01730384790702466
5.159554824,4.884242929989346,5.125524800438034,4.989611955132969,-0.08095193882164509,-0.044790085891546205,-0.01519238539010459
5.210116745,4.883951079629594,5.126503786887959,4.989785455417911,-0.0805645766728702,-0.042754821121699926,-0.013021602780662889
5.259550222,4.883539645374717,5.1280187038531,4.989915419123044,-0.08037703167680377,-0.04086005903492751,-0.010637906234027383
5.31015511,4.882842083275444,5.128792186539203,4.9901660783401045,-0.0801287360004368,-0.039054814682440764,-0.008671516297294346
5.359554351,4.882285155716854,5.130527464625568,4.99048453478805,-0.08025864965101093,-0.03714615321572623,-0.006213777088855288
5.4092777,4.8817480736785335,5.131738351424679,4.990740380942007,-0.08031794177092966,-0.035708535115382745,-0.004342269127163512
5.459536147,4.881186459034478,5.133396304491391,4.991057192185744,-0.08059598794268297,-0.03478568567319584,-0.00238705439513609
5.509815594,4.880778723505999,5.134756565193044,4.99156298445599,-0.08081727038520281,-0.03417561507097666,-0.0006910984879784365
5.560947792,4.880463326344558,5.1360353711112445,4.992479691254957,-0.08088768409483915,-0.03389766031961372,0.0009061971505035515
5.610140287,4.880099298821921,5.137050599963014,4.993425912454973,-0.08073129955981706,-0.03406620026262708,0.0020087572176450408
5.659697624,4.8796858395050355,5.138178588279243,4.994575378448115,-0.08010381253274979,-0.03446343646173844,0.002694446049920529
5.709569626,4.879293173776191,5.138800716411053,4.995967178696282,-0.0795443416922863,-0.035005888661378215,0.002771504909341971
5.759534125,4.879114235723183,5.139114190309495,4.997434596999129,-0.07872273351613401,-0.03552618411681241,0.002188010996406753
5.809721431,4.878954815281322,5.139316065153466,4.998934943039101,-0.07779827910882986,-0.036064879139066086,0.0012545088475768296
5.860461479,4.878799734019269,5.139230099014937,5.00049885048544,-0.07671298390417647,-0.03654575096329893,5.157026498814332e-05
5.909612475,4.878570452112739,5.13912165282756,5.002308472550268,-0.07553528096291195,-0.03703367694506099,-0.0012313091430113943
5.959936349,4.8783244771108905,5.138746761096183,5.003807824129912,-0.07428099250113096,-0.03741573725826974,-0.0025622207604687475
6.009326003,4.878022958045485,5.138369416459402,5.005193891671717,-0.07307439405595062,-0.03762580867562182,-0.003808219591046047
6.059545401,4.877633663222294,5.13754942258848,5.0063319508623545,-0.07092011776972118,-0.037536789611290367,-0.005522919627676259
6.109560358,4.87721306517329,5.136962508741746,5.007389984296834,-0.0691857989076361,-0.03765480786595177,-0.007094182393370119
6.15951667,4.876616046788335,5.135938644611095,5.008655738879162,-0.06653269236773696,-0.03801938642263192,-0.009281477932093551
6.209841126,4.87563532408937,5.135248289798904,5.009838126280105,-0.06402455015290975,-0.03783129199431734,-0.0110549209934927
6.25921785,4.8746473658953065,5.133923302189259,5.011051036830057,-0.06088075910311197,-0.03778228773472225,-0.012901271908276613
6.309919993,4.873673177078336,5.133109297436191,5.012420936316186,-0.058758465946223915,-0.03796117371612073,-0.014409027115444673
6.359967206,4.8726846941321424,5.131805870544331,5.013750876476914,-0.0564150602793303,-0.03785612743643796,-0.015549030138967801
6.411279392,4.871427256910694,5.130708788725572,5.01516594247573,-0.054505690064608814,-0.03757812401152716,-0.016325017670279607
6.459473901,4.870287670879117,5.129581129862823,5.016483816928521,-0.05293607920040344,-0.03760936928969816,-0.016628514138336215
6.509912027,4.869109279289261,5.128597410381113,5.017747803044124,-0.05192034131969514,-0.03797966116878637,-0.016841890628173317
6.559389606,4.867949883787979,5.12750343841106,5.018630885789329,-0.051110065337321764,-0.03826957355484506,-0.016857081181767875
6.609473826,4.866858740987833,5.126541791864252,5.0194317143212785,-0.05038138610184539,-0.038584573452299153,-0.01705247719472691
6.65932011,4.8657825994178525,5.1250148932885145,5.020182071301739,-0.04927083337720628,-0.038658503557466695,-0.017125784319799386
6.709537636,4.865139517609554,5.123509363126475,5.020937771259622,-0.04814696860595724,-0.03884400205648575,-0.01725109080013265
6.760654676,4.864812063141829,5.122409810779144,5.021825182165467,-0.047137300345150734,-0.03920842290171844,-0.01763364799590228
6.810164161,4.864714579944397,5.120905001122907,5.022557887558603,-0.04588213152000442,-0.03927839456783033,-0.01775037708465632
6.859652549,4.864837484932872,5.119749751348521,5.02340191585149,-0.04446474067416872,-0.038946020869114584,-0.017881983071792007
6.909958153,4.865233146901216,5.118676467772291,5.024614329511021,-0.04267344335351453,-0.03826702107980395,-0.018155392415535765
6.960132224,4.865855757716976,5.117446480714131,5.025640615023096,-0.04066859945174439,-0.0374124577594559,-0.018522685228918867
7.010338051,4.866600435906872,5.11662468200419,5.026722510853214,-0.039124103793905185,-0.03628979535002941,-0.018995244512450604
7.059488744,4.867516945831119,5.1152413611211225,5.02778875404946,-0.03720632128408763,-0.034428762123806855,-0.019599304568552967
7.110061631,4.868343391759768,5.113749796319223,5.029105225412036,-0.035483113990384396,-0.03235643174983238,-0.020103478757262927
7.160353256,4.869232520107017,5.112506526057533,5.030271967623699,-0.033850608995429354,-0.029966946361967395,-0.020221839833501676
7.210319632,4.870124582249823,5.111316882832361,5.0314455776507865,-0.03220549719970123,-0.027038219960067167,-0.01999534678162984
7.261049957,4.871059518831292,5.109874310266439,5.032525708799052,-0.030431620252330482,-0.023567089287312548,-0.019461811101463056
7.31021071,4.872228968468863,5.108378904044799,5.033333893576625,-0.02831027902011307,-0.01929955023949237,-0.018673773600458965
7.359949479,4.8732135408163035,5.106113467006518,5.034109465599291,-0.02611201410716557,-0.015190281307853937,-0.017470459996051346
7.409416917,4.874208535492018,5.104727800655441,5.034746473520512,-0.02431084941543471,-0.010862131922714013,-0.01602617081188651
7.460604678,4.875096733749758,5.102861321531361,5.03523500100512,-0.022568464632261254,-0.006532181610197085,-0.01405211075921553
7.509937604,4.8759109973067245,5.10121703786709,5.035773409471228,-0.021136329405115006,-0.0017032616794638855,-0.01142685816974609
7.559705235,4.876501359105009,5.1000036934212645,5.035980314757066,-0.020386047211959912,0.002129810209821059,-0.0090856238382786
7.610047139,4.877013867181749,5.098755464224819,5.036140204524667,-0.019942959062624332,0.005703281270326599,-0.006785624882471808
7.659947423,4.877324347438318,5.097369328054501,5.036198602867782,-0.019744365534020147,0.009200119658505201,-0.004362595080293019
7.709704437,4.877607067404421,5.096104868856259,5.036140414021083,-0.019891969067810322,0.011892744873128969,-0.002911359417407944
7.761560813,4.877831319357633,5.094756627122421,5.036075689215549,-0.0201410415081984,0.014517612948568903,-0.001282541410484228
7.811644099,4.877981045041861,5.093729783413745,5.036018966549003,-0.020369899929115753,0.016740131578088402,-3.853698957900775e-05
7.859932855,4.878133402051364,5.092547368641205,5.0358686742455525,-0.02045636226829295,0.019105954051507723,0.0010263654664193211
7.910944385,4.878313433053036,5.09148347461959,5.035571636128153,-0.020190394963139013,0.02094928206092117,0.0020505524965326316
7.961488887,4.878524312760881,5.090600784037546,5.035174858754237,-0.019637572416369764,0.02241194204978214,0.0027777506357153925
8.00951379,4.878951219892878,5.089819068037128,5.034574500712175,-0.018850851136793523,0.023583473785757647,0.0033190319298030957
8.059505671,4.879547871231592,5.088694320216862,5.0339322781757945,-0.017323588736855022,0.024749115407645128,0.003637770305742194
8.110082264,4.880197815956527,5.08779446649477,5.032912845560202,-0.015841490305203543,0.02546676255423197,0.003834289115091316
8.159755745,4.8809074730511455,5.086552393378808,5.032015015899232,-0.014407675075453596,0.026044452348592984,0.003773635347481097
8.210154077,4.881623571364536,5.08523690301279,5.031017971276063,-0.013332447935439085,0.02636427059946911,0.0036208477819172913
8.260562474,4.88225845571233,5.082794690501655,5.030073217588218,-0.01213825752178277,0.026445233009709135,0.0035163381609164546
8.310016445,4.8829019919512575,5.081198140178158,5.0291986301775715,-0.011325581808081076,0.0263820288308807,0.003315232943620572
8.360378763,4.883335516466028,5.078871971543813,5.028636121532045,-0.010630619165889144,0.026204489971708433,0.0029777886938902043
8.409858119,4.8837053270064965,5.077231166564181,5.028199977432709,-0.010209821719568524,0.025949223373642916,0.0025018979520714524
8.460063973,4.884024807206551,5.074817997771123,5.027913693361921,-0.010095275917016977,0.025737017468214773,0.0023980599937321045
8.510080295,4.88414756647675,5.073421407234106,5.027537923772736,-0.010124589670944317,0.02520927082813973,0.002233867269465506
8.560497682,4.8841294688228745,5.071526868665573,5.026942387814259,-0.010665400082685572,0.02475779989630489,0.002366399356740878
8.609680809,4.884097136779798,5.070239194782644,5.026319766384969,-0.011163712885212007,0.024232394255797374,0.0023979093442507704
8.660421573,4.884106450844695,5.068539482076346,5.025814083163245,-0.012123449436920453,0.023935891544017096,0.0028248247738780208
8.710293086,4.884147801765074,5.067898964274096,5.025504200035337,-0.01261877818299073,0.023926840403306393,0.0033695827664068645
8.759605056,4.884258237383515,5.066976160565477,5.025345729250997,-0.013688286574829789,0.024143413753540344,0.004589794259120872
8.810060278,4.884430111071666,5.066238330783176,5.0254436698189755,-0.014805939500846854,0.02446960266105691,0.005969300179700099
8.85958026,4.884646489576077,5.065416289926451,5.025708923489632,-0.016389972564972766,0.024937142833045378,0.007686636931922841
8.9095177,4.884917551732062,5.064599314822766,5.026218611639155,-0.017989017000363816,0.025617547678195685,0.009565188586324602
8.960244481,4.885231988198225,5.063383455117807,5.02712442327689,-0.019729954220193413,0.026451362911717347,0.011820236047519472
9.010762112,4.885593253888092,5.062406901609108,5.028050885433874,-0.020992012204161803,0.027190406531475197,0.013693985225846639
9.059674486,4.886079104116111,5.060731692365178,5.029028543381676,-0.022771096660770596,0.028100723637341396,0.016059435771947683
9.111226805,4.886473297735025,5.0594213717528325,5.030018399157629,-0.023931790589586832,0.028975347382453442,0.01815906337492379
9.159594574,4.886761873411163,5.05794267973768,5.0311805099373625,-0.024897018511551572,0.029857198728103107,0.020203022896151168
9.210022972,4.887056175515347,5.056523446792777,5.032117399593031,-0.02573065850918077,0.030437404855309325,0.021770226705347007
9.259216479,4.887324404324812,5.054742766229379,5.032843636898713,-0.026749031784588873,0.03106167218084188,0.023030196702146455
9.309461324,4.887534932735129,5.053163392892496,5.033501371851775,-0.02754949373346438,0.03153900885751337,0.024123675142374346
9.359318658,4.887660987750885,5.051603185958153,5.034270674774945,-0.02839192992827755,0.032038987945863795,0.02545736165358292
9.410373105,4.887725155696894,5.050013526850371,5.034902069650735,-0.029472786615162505,0.03193588731185493,0.02642916477282764
9.459131638,4.8878817548736935,5.048020541793867,5.035486975985724,-0.030616132875026736,0.031885852734995446,0.02733138147756531
9.509801912,4.888231896957157,5.0464960479604635,5.03609079117626,-0.03166352372590442,0.031240926006185887,0.028441355510710586
9.559335389,4.888601448886462,5.044182807572285,5.036868739751784,-0.032497547583036024,0.030710680279966596,0.029627964184996358
9.610482676,4.889014738665011,5.042202027506437,5.037612856601206,-0.033223677772846294,0.02995220919340902,0.03065969635185528
9.659603801,4.889338967246103,5.040304325113036,5.038363802148716,-0.03352086120673814,0.02962677269309566,0.03139969322155789
9.710005251,4.889922086338009,5.038311566592208,5.0391132400819565,-0.03385392909764562,0.028822721394071493,0.031802546977484525
9.75968869,4.890473409074168,5.036785147462685,5.039898634265578,-0.03412416096605675,0.028090295075751115,0.03237028091443861
9.809746692,4.891015445139569,5.035489325728627,5.040446442764701,-0.03449594230269959,0.027001801248943025,0.0326787319251034
9.859435355,4.891696828812175,5.034361554681695,5.040998235038389,-0.035075659351432975,0.025453579853248698,0.032772533320043706
9.909763217,4.892266605242978,5.033396433034228,5.0416620263897665,-0.03525980448902111,0.024144167170298658,0.03269423804389682
9.959735847,4.892804439266223,5.032926654953304,5.042228672713005,-0.03555117535668284,0.022614636943363742,0.032496424792552325
10.010320203,4.893179756394899,5.032636226139724,5.0428222441601855,-0.03603763092720946,0.020970445651259162,0.03211999659135234
10.059682577,4.893454266895383,5.032535339212728,5.043419044278971,-0.03663498688303335,0.019023140350381773,0.03149102248168312
10.109691625,4.893610150197909,5.032761562748352,5.043978631535427,-0.037658263356657784,0.016771026359206687,0.030837999296401186
10.160941422,4.89352361194946,5.033180111440733,5.0445616748061735,-0.038665425750620486,0.014504008722964201,0.03026981173091503
10.209648719,4.89332170676959,5.034021251505102,5.045085942532628,-0.039662083824084426,0.012163839371732266,0.02942363346438981
10.259221615,4.8928971898000455,5.0349062063467125,5.045645820556972,-0.040954250131146175,0.009521065267886542,0.02841955883481795
10.310345876,4.8925683326477,5.0361201283850585,5.046165703019036,-0.041936594080214995,0.006787945835625031,0.026858334147929597
10.359280879,4.892263578099448,5.037330111487894,5.046563804066731,-0.042853148711031075,0.0041765296244644645,0.025127605760127736
10.409310823,4.891975299487903,5.038380029224421,5.046888538853783,-0.04363531419404598,0.0015969232212551532,0.023109869875874267
10.461036595,4.891690894479556,5.040023776368829,5.046948797509318,-0.04448506226237381,-0.0014381806989787194,0.019602410819103078
10.509979513,4.891135915304859,5.040401469308583,5.0463479658370645,-0.04493491732805399,-0.004100391305163598,0.015979126003033528
10.559889378,4.889813285581031,5.040286106202137,5.04594753946895,-0.045159672756914127,-0.006399840976815341,0.012331236368044785
10.609809935,4.887250940516386,5.038947061006965,5.044251959777838,-0.04517938791783482,-0.00855525228488041,0.008714927086595381
10.659721431,4.884665542211464,5.036553155379253,5.040437733355738,-0.04551592779478675,-0.01084019292987115,0.004131415209829292
10.709470299,4.880414438212772,5.033110400675088,5.033117706336532,-0.04544665624077382,-0.01397906022518125,-0.0005316015428675769
10.760689773,4.874154483825801,5.026185693757481,5.026350657340037,-0.045838718703767434,-0.017335120184096553,-0.005684970255635413
10.810246658,4.865113891044876,5.017254153221028,5.017270546319148,-0.04607898743651173,-0.021580821144716822,-0.011143591176653977
10.860503032,4.854866600520948,5.007583095733501,5.00526720705298,-0.046240844742634124,-0.026818684871813048,-0.01707511071324852
10.910487555,4.8407305504883045,4.99500251320238,4.9874649177737185,-0.04634443201836902,-0.03414721659725828,-0.024352234049407784
10.961291627,4.825382880771036,4.977640261636188,4.971619229197504,-0.046687852837544064,-0.041009436731343385,-0.03089084761391092
11.009602705,4.806999253958436,4.9593453096748,4.953408704034487,-0.04675069121325226,-0.048180908673324474,-0.0372132607604998
11.059475093,4.78421009157972,4.93688199685273,4.93240951760111,-0.04670553177272474,-0.056229276265580275,-0.043333701807227065
11.110460552,4.762798551222097,4.922204621325047,4.904352080079847,-0.0463385556635707,-0.06456162616895611,-0.050556277866168564
11.161185805,4.738615529504455,4.890835737271016,4.879897028313561,-0.046207632453554304,-0.0720786357062364,-0.05600500406374387
11.210443638,4.711598875836408,4.868728227204082,4.853404879906052,-0.04567045295197847,-0.07934714228860873,-0.061537235306700744
11.261296231,4.680931068879567,4.832236334589,4.824101270901908,-0.044997812213317445,-0.08700873699299994,-0.06614534450992604
11.309539134,4.653201908653336,4.807026366608825,4.79191400312149,-0.04418346548252483,-0.09382147565153875,-0.07141600011844496
11.359745011,4.622486777114564,4.769404713481647,4.753785263203338,-0.04361189278620703,-0.10092974982171121,-0.07717946988653335
11.40959483,4.588514821812828,4.7398842512376635,4.719099415264864,-0.04288234396632529,-0.10672174738229145,-0.08203257622009996
11.459635678,4.544851806880664,4.692742021156836,4.681604196593384,-0.04216709777011207,-0.11202526125443235,-0.0858719729522992
11.51047994,4.5042955517685686,4.660762458283518,4.634329251986099,-0.04112804339662546,-0.11699594948651004,-0.09083145098698786
11.560222732,4.461141734624545,4.613560171746902,4.5938507958107815,-0.04046267455590602,-0.1207245381430413,-0.09417488461069912
11.610270482,4.415449016073218,4.577013329841444,4.551533517068793,-0.03948978357093136,-0.12387760904383072,-0.09744130084480851
11.660489441,4.3622023139217285,4.517661962713634,4.506594260722141,-0.038869923558103814,-0.12651049836182704,-0.09965250843311324
11.709473348,4.315545876763317,4.4785633736513875,4.451009148017333,-0.03790023441311341,-0.1291318488181572,-0.10243737860755253
11.760217741,4.266990787557984,4.422339849279568,4.404103888244715,-0.03741879121807301,-0.13074107045093797,-0.103943932846426
11.810552978,4.217037314194177,4.381099415084991,4.356499904785024,-0.03633372672782098,-0.13166481744553593,-0.10531651146444077
11.85966856,4.157759396237109,4.317429541255185,4.307952212531617,-0.03561318935654789,-0.13155599602856238,-0.10587339619266789
11.910537503,4.1064686700396305,4.277398985383351,4.258721613250251,-0.03448240572965666,-0.13091931929988299,-0.10612765057204232
11.961957453,4.05474457808776,4.22187235336381,4.200288628135651,-0.033764912226440735,-0.12964467670095026,-0.10566715834497131
12.009690899,4.002754629802221,4.1815376587473505,4.149611737491272,-0.032456128718851396,-0.12741996217130414,-0.10476367030836897
12.059889013,3.9505586747276857,4.118961936694228,4.098533974527993,-0.031803000195718134,-0.12436842547009253,-0.10316687050002926
12.110562643,3.889339360449792,4.079274875675735,4.038534179980919,-0.029784688071889498,-0.11982238226614506,-0.10096543225851118
12.159935168,3.836608547250952,4.023719469632073,3.986716908405439,-0.02883632370896283,-0.11524256156960622,-0.09837019768570787
12.210990512,3.7837241181433128,3.983040713142895,3.934486806326341,-0.027307938563931877,-0.11027430378825187,-0.09539432827768834
12.260030188,3.7305260546667434,3.927590749182834,3.881829926992541,-0.026361079887046834,-0.10513969426799452,-0.09198031569729093
12.309895582,3.667973827544729,3.8711954020090404,3.8200240183126737,-0.024794729202751498,-0.09912568703881952,-0.08789668422506658
12.359660178,3.613882667869977,3.8225923218929374,3.769436856215581,-0.023400901145533837,-0.09398861540320169,-0.0842189562234088
12.410888476,3.5501400311550624,3.772618549246073,3.718821618304592,-0.02138009506707128,-0.08827421333700425,-0.08047009738306343
12.459696802,3.494983078405462,3.715683170137569,3.6672959802529808,-0.020509723593569618,-0.08376217683332587,-0.07673674623582816
12.510108705,3.439343702829933,3.6656512853861063,3.6059452288793197,-0.019555474371652615,-0.07974342676112833,-0.07251959729551505
12.559940687,3.383320099292959,3.615413964217483,3.5549890865546225,-0.018906437197983017,-0.07594039895543947,-0.06876624916268881
12.61018699,3.3175288055096708,3.57246059439508,3.5036659149664486,-0.017494843986343156,-0.07168310918741838,-0.0648918018247091
12.660698892,3.2634996594324535,3.5136409546362435,3.4512594344563765,-0.018582631036310637,-0.06846007805939269,-0.060717688979240236
12.709922596,3.2100430040419985,3.4536389477065788,3.397647188596954,-0.020226545553774677,-0.06548238769408687,-0.0564298861027579
12.760428694,3.155820837636631,3.4019044185042295,3.3365298691387264,-0.02135917070612514,-0.06258206278081158,-0.051351024266863554
12.811057596,3.0912804970579195,3.357688385651475,3.2839046201480224,-0.021233693784021845,-0.059250979194982456,-0.04701926126733813
12.861036366,3.0348101630115343,3.2884025680710596,3.229953345065262,-0.023981301776078823,-0.056533972184642955,-0.04251143920959066
12.910899676,2.9775349229751753,3.2442173425601153,3.1745926238630386,-0.024296557289723353,-0.05388384033863858,-0.037850396197508296
12.959666786,2.919645319754864,3.1820845523902266,3.1113233123752106,-0.02599606568421553,-0.051511634434922904,-0.032448193439497786
13.010988852,2.8612086487416493,3.136553468558204,3.0568473971384353,-0.0261172454980505,-0.04927868939679758,-0.027898620172211785
13.060586068,2.792434708279805,3.0641508721971427,3.0011687862543455,-0.027586505255746907,-0.04687652980128565,-0.023638045892313997
13.111390358,2.732887144644349,3.017958961657635,2.94435205442952,-0.027572081318903763,-0.045269102477000445,-0.01941082159434515
13.160442146,2.6729454410999556,2.9532732612662413,2.8796180012571018,-0.028773322333144336,-0.04408572636346353,-0.014928346513246815
13.210657968,2.612828456468787,2.896810889341937,2.8240265378470766,-0.02915646974312036,-0.04306917780948538,-0.011630369679488162
13.259597166,2.553101227809786,2.842095603147355,2.757787308896224,-0.029169332692493555,-0.04289640579147136,-0.008298421912929399
13.309836948,2.4844361538460698,2.7774119984276004,2.7002405561332017,-0.02889287440776389,-0.042529542416268384,-0.006579978998418667
13.35927731,2.426690803504247,2.7222530680741035,2.6452265509240562,-0.028451359768544293,-0.04288798219290246,-0.005482240337777888
13.409389089,2.370082604899527,2.67594667404619,2.5911911763190085,-0.02755121382523651,-0.04358737015280578,-0.004732609569723323
13.460516547,2.3053576164919987,2.6050442820218227,2.5375535151469735,-0.027533262408282688,-0.04398827492635071,-0.0055115682491937434
13.511081005,2.2509083907895917,2.5613238555419344,2.4841347282219486,-0.026596571637516497,-0.04467091360216724,-0.005665614019503273
13.55935263,2.197350365583608,2.5015798208681383,2.4246758283006926,-0.027000865061955537,-0.04565003137935886,-0.0066540455392063436
13.609319913,2.1445591137499695,2.45052467109872,2.3749092289981357,-0.026930345157987645,-0.04626914446592245,-0.00784647087882373
13.659877658,2.083986577480896,2.401749441629795,2.325241533276845,-0.026148086329502718,-0.046759026522226854,-0.009327517279461794
13.709462576,2.0328886489619706,2.3450934539382313,2.2671736415551544,-0.026565102049602274,-0.04820893072489163,-0.011546318589682691
13.759222811,1.9825834837362737,2.2972718266260594,2.219576227262017,-0.026356440112165203,-0.049312117556703505,-0.01388191980359732
13.810316531,1.933068887188127,2.2571250193044228,2.172655789101031,-0.025649430688131858,-0.05055195082013153,-0.01600713833724221
13.859200488,1.876182774782984,2.1952697621044166,2.1178757439874567,-0.02595052119753838,-0.05197744455210529,-0.019919731825249087
13.90993588,1.8281301402340722,2.1489179581532363,2.0711001731227086,-0.025817078627563994,-0.05313341589796039,-0.022794203689817216
13.959904196,1.7806909876178627,2.1031463471261835,2.0265830933846165,-0.025847112007027384,-0.054196962772813606,-0.025565022645818836
14.010200374,1.733894714688484,2.064696080242207,1.9827033140086239,-0.025500800985911454,-0.055184786343743575,-0.027574584400854363
14.059379577,1.6819223147852729,2.005603625554403,1.9386228149380986,-0.026261242380829053,-0.05601660366427463,-0.03088757982991286
14.110267884,1.6388920147308532,1.961418443551362,1.887070248303885,-0.026635878930268753,-0.05702924707445245,-0.032432765679411446
14.159457699,1.5960900104840643,1.9178821578780947,1.8447393696834367,-0.027128811948088583,-0.05752771144287294,-0.03355254767437632
14.210249665,1.5534400709011853,1.8814611468219256,1.802859335641882,-0.02739103729936687,-0.057788406528637815,-0.03381962290472895
14.259706973,1.5056272996450326,1.8255449716609116,1.760849971045603,-0.02872558430083938,-0.05785006038979201,-0.0347337512516912
14.309951248,1.4658290307766972,1.790752210303749,1.7119078359916544,-0.029390622048513393,-0.057940811239356904,-0.03422845088894455
14.360065245,1.426128663064254,1.742836669241158,1.6718899586040725,-0.0307464242221549,-0.057854817737607256,-0.03439871323015975
14.409997364,1.3865587057157187,1.7085614519852919,1.6323431132323054,-0.031241399444365214,-0.05777155880569396,-0.03420807470174125
14.459719358,1.3405835596729583,1.6630265900835652,1.586119551335631,-0.0318535086992382,-0.057674807492414715,-0.034288567306254514
14.510532424,1.3014998682872425,1.6244260641355717,1.5464722359145728,-0.03209191322264271,-0.057463069163453895,-0.03414718326579713
14.559898199,1.2629055205216335,1.5803135469849818,1.509053348740772,-0.03233417623753976,-0.056956649767903045,-0.0338736451291366
14.609904712,1.2249651605417677,1.5424673560495814,1.472215707174061,-0.03209272620879933,-0.05622823891166373,-0.0329788329389018
14.659883536,1.1876211955146452,1.5006348655453077,1.43525038248438,-0.03185477824376903,-0.05532142939668283,-0.03182046960228213
14.710250851,1.1447603629180176,1.4648439744005832,1.3983698106268403,-0.03101418407818013,-0.054007630864057354,-0.03028430794471504
14.759438318,1.1086402877843982,1.4298026212037342,1.3574991490037454,-0.03042010785550442,-0.052504623298667674,-0.028213668517993007
14.81082452,1.0733224556398644,1.4004408666185348,1.3232664773609182,-0.02961191071317515,-0.05071197697027685,-0.026175721676518826
14.859519331,1.040232702584476,1.3559143467832442,1.2890192276089456,-0.02981916064605361,-0.04878443706344271,-0.023961205000610164
14.910299995,1.003861514741203,1.3338127939286293,1.24916494250631,-0.02869951269282911,-0.046820600795331124,-0.021293195016095723
14.959415118,0.9732164024255627,1.290469572222021,1.2170240586126968,-0.029519764254167136,-0.04531812856240247,-0.019053162162989246
15.010187338,0.9430952656452932,1.2632734025616108,1.1854259593506784,-0.029571477136837387,-0.04404885536056469,-0.017005940460203206
15.059182278,0.9082056909802201,1.2218267290332383,1.1537227556462224,-0.030512414121400155,-0.0427296489946718,-0.015274874240857272
15.110022004,0.878571488057593,1.201194946474654,1.1165591443386753,-0.030499873448562198,-0.0414225465613729,-0.013440023853374505
15.160226298,0.8493357822014813,1.1605523581671642,1.0846614850173648,-0.03229190144902372,-0.04031490029372886,-0.012458231366287542
15.210825316,0.8211060868523761,1.1351509269246587,1.0529622096761568,-0.03311528428523314,-0.039522895787420076,-0.011537794131817769
15.259589454,0.7904031487338962,1.0961988997176195,1.0164097478547078,-0.035153227776319795,-0.03887135590254953,-0.010703720699165586
15.309580116,0.7668930912317351,1.0768008507452915,0.985549813923207,-0.03582335613382526,-0.03846709938235726,-0.010133243441470263
15.359741163,0.7467910506049976,1.0389343009114442,0.9553850551304959,-0.03838514126258108,-0.038219565409182366,-0.009559185803723835
15.410440145,0.7306816992757487,1.0154688980311604,0.9266680590896897,-0.03996526897868424,-0.038031272601382504,-0.009107398861456062
15.459288411,0.7165083662229753,0.9844261925433604,0.9000300748449328,-0.04235157568658021,-0.0378456300795591,-0.008521251639013627
15.510912259,0.707585290339614,0.9582392822566587,0.876067651289095,-0.04452796414466764,-0.03756277170882161,-0.008050610189828333
15.559555173,0.7005903758675304,0.9292806806283758,0.8533202812286529,-0.0470975695840945,-0.03695350496902261,-0.00757747046474222
15.609947377,0.6947619115870132,0.9059774146338642,0.8384123983102598,-0.049194081986178695,-0.03617655039331691,-0.007348485378417813
15.659462178,0.6889379202452057,0.8820804429524718,0.8275060411774436,-0.05139915752828905,-0.035207764567100064,-0.007169534299241498
15.71010386,0.6837960439070401,0.8646293189462299,0.8180017220077952,-0.05298623776491862,-0.03400310708624854,-0.007275341950944814
15.760155654,0.6777472152147195,0.8508246919182403,0.8123171151063288,-0.05418523386887841,-0.032855990069534435,-0.007055947249014594
15.809852002,0.669096648576822,0.8416757996589647,0.8075789112647725,-0.054814835981252585,-0.03164127737303435,-0.0068792176099226054
15.860083919,0.6612152755197414,0.8322083575622291,0.8031959009284028,-0.05562930274545419,-0.03037904222676069,-0.006303447616564206
15.909697132,0.6522159984667328,0.8267008740655366,0.798374888945576,-0.05575058125991372,-0.0289468236775976,-0.005964449983723696
15.959900739,0.6419053934577139,0.8189416653860885,0.7921435143541572,-0.055781931807877605,-0.027227997541847238,-0.005164493948088378
16.011007323,0.6286103709395385,0.8140411281263428,0.7855264988272458,-0.05500422552384876,-0.025336604787804085,-0.004708745736176745
16.059864211,0.619156850714353,0.8059829773882935,0.7774245320952343,-0.05444164010990793,-0.023648216669773348,-0.0035806811621235113
16.11028094,0.605608758284996,0.8013606921823266,0.7678864662162526,-0.052854948620668196,-0.021222063954583703,-0.0031692953188660056
16.161199425,0.5935761340480898,0.7907876627672822,0.7557402172335247,-0.05143603792484086,-0.019022046092178613,-0.0021530424477855803
16.210689719,0.5792967449361041,0.7829262416822516,0.7445030071137642,-0.04933937587090664,-0.01633848603587751,-0.0015078733900804053
16.260704281,0.5669071214715175,0.7714334586346381,0.7324575997647002,-0.04731658131619554,-0.014016768044359473,-0.00014181205335628277
16.310880298,0.5545530080256135,0.7585667909047379,0.7177449508212219,-0.04506326980660891,-0.011863258534482668,0.0015247199344559093
16.359855763,0.5423236912839828,0.7467797199411161,0.7054531202296807,-0.04278580686870104,-0.009595005836159132,0.003216018964479872
16.410081986,0.5303147557542043,0.7342229843938298,0.6931733487925541,-0.040713077555888155,-0.007626377308061372,0.004968626043260649
16.459625882,0.5185929741742563,0.7217213724555591,0.6808628074798014,-0.03877707666177699,-0.006039282937463142,0.00672340392448767
16.50998472,0.505258302679534,0.7067730987935481,0.668595503709733,-0.03661729244601464,-0.004279257970136285,0.008648255448442832
16.55985838,0.49419127949083796,0.6939233982692904,0.655109241059009,-0.034925776414619136,-0.0037486198327041365,0.009964901838630524
16.610069216,0.4834293092077712,0.6831746868177138,0.6440896285977598,-0.03332397567042111,-0.0030267704494502112,0.010988905226737344
16.659788761,0.4717916644017535,0.6687592074103759,0.6332925624552255,-0.03168227223443054,-0.0021368932468126545,0.012539481932768659
16.710441476,0.46255195478924144,0.6547694521961582,0.6209553299047673,-0.030693464174390783,-0.002611399208480414,0.013802242791685515
16.759833991,0.4537454420639648,0.6432867608208312,0.6110344241352639,-0.029931387939295284,-0.002927967707856638,0.014620444783473907
16.810583072,0.44529804252763927,0.6319775181643936,0.601267277016014,-0.02926045570230329,-0.0034336711066078607,0.015267343888686113
16.859518691,0.4359441991915845,0.6213659950547734,0.5916000875323215,-0.028596646731611663,-0.0038722660668417674,0.015661611440433987
16.909893416,0.4283395649185982,0.6092924022349275,0.5805239375469441,-0.02827090856718506,-0.00513275486849718,0.015700961384094825
16.960325349,0.42099629675855793,0.5994013379282443,0.571738417074921,-0.028094109939281964,-0.005800889626327077,0.01544186830656713
17.010552846,0.4138582305332993,0.5896731330528777,0.5632473110265641,-0.02807893047776755,-0.006196101621330996,0.014943634866830813
17.05997939,0.40691201923792675,0.5790720115923085,0.5535324428745226,-0.028320482734568664,-0.006480641491262595,0.014133847227997265
17.110507587,0.39911440205253684,0.5730820766505156,0.5454128302332298,-0.028116998767775847,-0.005967981872507799,0.01344392711098319
17.161757686,0.39268075880546527,0.5613456155371289,0.5378927401349194,-0.02922267672892609,-0.0057717870100022495,0.012035384332682142
17.209984427,0.3864106811281532,0.5527703310565907,0.5306541165880583,-0.030329321514578567,-0.005801914944284725,0.0105855437234883
17.259484289,0.3792040398511903,0.5435153473094178,0.5235728363807463,-0.03187608201227121,-0.005912890027233608,0.008731883872574286
17.311151925,0.37321423562370004,0.5359421728984424,0.5155282605551351,-0.033354250218375014,-0.006397958110484936,0.006742329185415841
17.3595434,0.3674204314773337,0.5288094730182876,0.5092244485291183,-0.03504278234269975,-0.006765381911129964,0.00460979574272713
17.410232626,0.3618630492742057,0.5219415026886937,0.5030497910572561,-0.03697853467086354,-0.007085729768130378,0.002172709848031751
17.459349086,0.35670452176804424,0.5156709296886453,0.49680717623861215,-0.03906146250182818,-0.0073952387825055865,-0.0004795209651167198
17.510170412,0.3510094576402292,0.5095723496532408,0.4906645837478254,-0.0410457696770683,-0.007747410329351112,-0.0034211456094519477
17.559879168,0.34609060685648824,0.5025102342499776,0.48411668170934624,-0.04318853587902183,-0.008365265428763813,-0.007063064172698752
17.610235663,0.3411419556291987,0.49734305186382444,0.4787569381308488,-0.044623490461888515,-0.00903045501428057,-0.009947265388060345
17.659494412,0.33623141206375956,0.4892331780574624,0.4734177630928185,-0.0469082513960819,-0.009871786456980836,-0.013822409185889839
17.711067123,0.3305499725646666,0.4830989783561012,0.46720256581539416,-0.048774905855647255,-0.01125329865258351,-0.017173704751417773
17.760465378,0.3257926828059654,0.4771557109365644,0.4621733930142713,-0.050604947051613,-0.012803750325658392,-0.02015269576183254
17.810139284,0.3211877221385535,0.4722301824346846,0.4573095193563032,-0.05216105114862568,-0.014580661104680814,-0.02271290817274796
17.859845276,0.31636750196117136,0.4648438923614478,0.45248894322613714,-0.05415645086154708,-0.016660089317595883,-0.025666348406494954
17.911299274,0.3125262109095065,0.4603089521588352,0.4470127672220724,-0.05524667813351236,-0.01891757258989113,-0.0279911346313364
17.959688408,0.3085639003809489,0.45406439849637603,0.4427141176969588,-0.056416801788374826,-0.0209636651422187,-0.030176722260844002
18.009597087,0.3044365582197613,0.4495602022347149,0.4385509176791047,-0.057013671267754695,-0.02291781696006634,-0.03182797109245605
18.059368167,0.29956467802722264,0.44274476751475267,0.4344296310089296,-0.0575574121836846,-0.024844301899147325,-0.03358237618720583
18.109540914,0.2953239316580757,0.4385778885405858,0.42971189126381226,-0.0575101988799398,-0.02627539935659584,-0.03481473860725792
18.159213618,0.2909132056925372,0.43301772232380153,0.42599032607927334,-0.05721959199799809,-0.02742064659502219,-0.03596753344604586
18.210494043,0.286514110351061,0.42917290757543786,0.42238800009760424,-0.05653608465474047,-0.028534225873227292,-0.03683022284831061
18.259416212,0.28150591744005293,0.4235285152714404,0.41875018111866386,-0.0552374532713813,-0.029416599063711857,-0.038015254305201474
18.310413381,0.2732808364160365,0.4200619854321693,0.4145212050761994,-0.05325113092943923,-0.03010804774473108,-0.039119220598529125
18.359426656,0.26400725344796744,0.41533494426164796,0.41114152154746453,-0.05079828949135212,-0.03066993866113421,-0.04057737312437304
18.40971073,0.25302692160024814,0.4119172507110796,0.4077731503605729,-0.04829393743915844,-0.03143481222803324,-0.041889745797560884
18.459708423,0.23889868864959657,0.4066249963316272,0.40426782237534176,-0.04491072776052807,-0.03267003054648754,-0.043598561744196296
18.509454775,0.22640078241015635,0.40397945841630895,0.4000973722072787,-0.0428954540384332,-0.03474393607931692,-0.044895910224696856
18.560289572,0.21434708519966722,0.39893309373632185,0.39651325051642444,-0.0401166524486003,-0.037376562760999654,-0.04649783012320885
18.610713866,0.20320027068091806,0.3956001546415627,0.3928390169251227,-0.03847875648655563,-0.04075619266621633,-0.04766925710526326
18.659482386,0.19179410868969476,0.39007389808537124,0.38907420457365155,-0.03603007269334224,-0.04523121741928282,-0.04889331941439856
18.71022931,0.18358919137703214,0.38633171008352174,0.38544538744736684,-0.03472381225588972,-0.04955793719707646,-0.049576243014187504
18.759664973,0.17676792946117784,0.3807213446549258,0.3816687596758033,-0.032712312199729254,-0.05397207698495521,-0.05002009953744757
18.810715202,0.17110162408411972,0.3764965238217088,0.3786395288672466,-0.03162459160599429,-0.05816556620894886,-0.050074019159835004
18.859547944,0.16645186750297852,0.3696926783683938,0.37566881759299503,-0.02940940730569519,-0.06214715362397172,-0.04995687125255799
18.909749784,0.16215985849794046,0.3655385411779316,0.3727233595271768,-0.028400103047492742,-0.06627543458095886,-0.049479346753984466
18.959235782,0.15917438996553865,0.3599742630436451,0.36948464633860756,-0.02653795180164842,-0.06928354981582618,-0.048480275062328104
19.00960942,0.15673489764495072,0.35616703634752617,0.366786053665563,-0.025493590084088247,-0.0716425929447384,-0.04726714856329561
19.059263313,0.15429269053909303,0.3505851051753251,0.36413034793504384,-0.023810517068290515,-0.07368098842186566,-0.045304985527700126
19.110533082,0.15225866928209664,0.3467118718553362,0.361107701235423,-0.022698792696375314,-0.07482030247536287,-0.04311854928137038
19.15948248,0.1501707017477913,0.3430755418541788,0.35871204804426177,-0.021642123298785343,-0.07539335865930763,-0.04085648616630522
19.210505644,0.14795998756065448,0.3395816336198317,0.35629641961690534,-0.020638281928036406,-0.07536623264243669,-0.03837788213873328
19.259302289,0.14559074509409237,0.335783560059788,0.35375791340163887,-0.01961393023047897,-0.07482003313193619,-0.035381819316611995
19.310325802,0.14261608907573697,0.3336976442794715,0.3512076293527993,-0.01872595396776866,-0.07370192112730667,-0.03330073142729173
19.359553219,0.13989265990228464,0.32973295332761576,0.34851785895402376,-0.018084007546753433,-0.07257783494993131,-0.02949746424690769
19.409730953,0.13661051461803286,0.3274206866721064,0.34634960496876327,-0.017558802524990647,-0.0709434285411481,-0.02695433763125532
19.459485588,0.13360876920556705,0.3245739756199299,0.3442611558830141,-0.017482654381427487,-0.06954361330251135,-0.023755569166289625
19.510156729,0.13053174126992517,0.3222903874979332,0.3421358841450422,-0.017640346205587853,-0.06801024505939512,-0.021039537619272686
19.559930685,0.1275453357762268,0.31967132310784346,0.33974603261263847,-0.018111561597661918,-0.06628543994695502,-0.01773246086401148
19.610136962,0.12470185560323147,0.3174109924679271,0.33762596701147535,-0.018611609945129004,-0.06427087740653725,-0.01511909729251748
19.659483875,0.12150708680128726,0.3151862689008773,0.3353493089902804,-0.01924963115816336,-0.061465479593560524,-0.012753738677057314
19.709709306,0.11891889425790257,0.31299014778544926,0.3325473669378859,-0.019989356639695366,-0.058879270259233785,-0.010311449248376903
19.759652712,0.1164940115570081,0.31041278619491497,0.3302455923395082,-0.021154296599206646,-0.05603653125487629,-0.007713760982032802
19.809526669,0.11433487065123263,0.30810567484917384,0.3280141155831662,-0.02252091148479085,-0.05321258947542873,-0.005471381690846933
19.860334097,0.11217304901028756,0.3054330094506097,0.3258459903413096,-0.024598488187089984,-0.05012300748180465,-0.003397422131397043
19.910472455,0.110194856801247,0.3035230623040519,0.32433268965629064,-0.026607523568211278,-0.047421092020278444,-0.0017054611605198389
19.961257768,0.11897116910261374,0.302943012770108,0.3270222387657567,-0.028872726704619822,-0.04452091832156668,0.00012209980330268877
20.010443925,0.13409687878645174,0.3031120972629975,0.3301987266581157,-0.031035957316802865,-0.04163233201248051,0.0016914012587001537
20.05960216,0.15448283623767878,0.30330772513543747,0.3385660885764282,-0.03433666717556516,-0.03840856523969727,0.003313214652335361
20.109815743,0.17333244128112668,0.30360288568962984,0.3443831441768655,-0.037850316505789294,-0.03530166528828005,0.0054541245936094995
20.161276099,0.20276052328086813,0.3051947752669068,0.35694728347995247,-0.04170928756472847,-0.032694406186150715,0.007352699381066863
20.210933554,0.22837576131959864,0.3044495970451656,0.3686043521175163,-0.046525829390680506,-0.03069505428684316,0.009160722538061883
20.259831554,0.2537663318726575,0.30071171215257586,0.3815974477784089,-0.054024068549469284,-0.030437623651096146,0.010551733000716546
20.311463472,0.2779979232472302,0.29579951290146633,0.3922806853610805,-0.062316829360114845,-0.03205160499639881,0.011508114846615847
20.359781749,0.3006922858224041,0.2929373729819137,0.41074178432911257,-0.07234354970217272,-0.03554924024249129,0.012067825975628388
20.411521467,0.3215306831059889,0.2908831136394935,0.4232925395860893,-0.08347526855259702,-0.04186772635470071,0.011834431752413721
20.459847638,0.34028231978660306,0.2861118965929219,0.44446836704735915,-0.09735821295625513,-0.05054838646882853,0.009495460796764554
20.510751057,0.3496165093576514,0.28100246054935185,0.45894900527449933,-0.11492627346792261,-0.06524310220693952,0.004741231957554604
20.559776704,0.368249869600343,0.2822954582166087,0.4822311927368405,-0.13164418258889476,-0.08085902480589713,-0.0007927130279652417
20.609881962,0.3741451830626664,0.28125597372009337,0.49589865732149735,-0.14964863322803446,-0.09943181031267745,-0.007934310594083449
20.660028877,0.38299669582730395,0.28338071528138464,0.5131009658950215,-0.16871388643068475,-0.12064456860285855,-0.016458188114552463
20.710103688,0.3866628190623133,0.28567148640424467,0.5280147739683061,-0.1914869691380865,-0.14804240411509806,-0.02805979452895091
20.760558526,0.3966830030267779,0.2919906199679352,0.5481456164303853,-0.21056576158504203,-0.17326138976882177,-0.039353797908388444
20.811383765,0.4001238637903399,0.29467358319962283,0.5576089257107922,-0.2287292043334901,-0.19990320023942054,-0.05201185968002253
20.86083277,0.3982682954991098,0.3009953054912517,0.5764569447452979,-0.24816152672460134,-0.23265656766832787,-0.06698863113310782
20.910322192,0.3990070674382012,0.30625077308130433,0.584610956371835,-0.26300328399665984,-0.2614927887831149,-0.08262813256920776
20.959987618,0.3988272624233145,0.3114572188842029,0.6005107898947797,-0.2760078828263586,-0.2907466437322723,-0.10264687109491444
21.009676936,0.393024594464466,0.314327534079041,0.6080514463729143,-0.28708306949393725,-0.32048469013089864,-0.1219775915724517
21.059463379,0.3868631498418062,0.3194651823820115,0.6208288260070854,-0.29907835143877914,-0.35572677578585754,-0.1426647217711423
21.109986813,0.38880903591251037,0.3258868780231394,0.6313985246626793,-0.30511676098305873,-0.384598299815079,-0.1680081460335101
21.160803183,0.38572956178415585,0.33095208705022167,0.64910870522059,-0.3109740574400526,-0.4127488371968546,-0.19052383159176856
21.210846863,0.38249244437308694,0.3370465579098527,0.6616681632661864,-0.3176442434841782,-0.43937285809195803,-0.2140264881052465
21.259504494,0.3750969826818432,0.33909020241622473,0.6740729917324911,-0.3196355159211346,-0.4695636405819066,-0.23586494756410215
21.310225157,0.3721250991703602,0.34609996795021275,0.6843623770163678,-0.32663560386162516,-0.48958696585971495,-0.26369946730714844
21.35994252,0.3692970126982079,0.34758718931423277,0.6963834968668066,-0.3227116389925264,-0.5086359300954149,-0.28395188916678826
21.409453893,0.3668209310162093,0.3506486394111831,0.7039424783960837,-0.32562205453328197,-0.5249323712288394,-0.30473099128479175
21.459542953,0.36117084464535476,0.3544621747710629,0.7199946253035096,-0.3226223841366629,-0.5441595185470218,-0.3230944162285416
21.510215964,0.35961460279522794,0.3599690879309472,0.7302937389484733,-0.32507657496136755,-0.5518698034214236,-0.34436185569140765
21.560013377,0.3583898645698082,0.36264939995054357,0.7419924097319305,-0.3221301940000645,-0.5613738501397307,-0.3604237339229779
21.610257856,0.3576229113471848,0.36800840526818485,0.753665073433127,-0.3251824847115068,-0.5697537003157445,-0.3754308923888203
21.66027237,0.3542817481177527,0.3688704610270986,0.765256842237727,-0.32370470137200735,-0.5831998314592095,-0.3897144619393007
21.70984604,0.354304747314842,0.3713284305724901,0.7735034714941547,-0.3281617337958145,-0.59099277040632,-0.402344814219298
21.760114921,0.3546158048633574,0.3753831151487148,0.7873590404283031,-0.32818544310424747,-0.5947765046932654,-0.4161371758953285
21.810430128,0.3553032249362825,0.3797956648045497,0.7983204126035325,-0.3343076611407789,-0.6036418998218664,-0.426115319304897
21.859505482,0.35172358441044055,0.37667316241135834,0.8058992399573507,-0.3375779515748287,-0.6195545026024343,-0.43735448303965585
21.91138856,0.3564560891866659,0.38282377900929315,0.8183613770571798,-0.3461952449669572,-0.6307743499086715,-0.4452198389166413
21.960469764,0.3592071649774819,0.3829790512007006,0.8262471243192754,-0.3516849059582601,-0.6392058029989318,-0.4539570705268945
22.011620581,0.3626732045110451,0.38623083372616585,0.8312963443917796,-0.3630144840601037,-0.6534345481431973,-0.45913563472116703
22.060665965,0.3661957036490497,0.3837938527936113,0.8402361292507547,-0.37309026216846775,-0.6759674739909922,-0.46693975508211594
22.109569926,0.37174069482417427,0.384091833057331,0.8431014481346975,-0.38670170910843504,-0.6929466066094454,-0.4699447887084669
22.159325122,0.37842529790823654,0.3852121763814554,0.8480594252036281,-0.3974442377835423,-0.7066539246490668,-0.47347048901997013
22.210442516,0.3868942920647055,0.38325487128860436,0.8482256569426763,-0.4148576007603255,-0.7323083380087629,-0.47525685915755034
22.259628847,0.39592043460581106,0.38568195405349975,0.851768572452193,-0.4284070588389244,-0.750974999057811,-0.476061282840464
22.310072051,0.4052542939192117,0.38110410537923634,0.8497092674281634,-0.4400325281294619,-0.769480024952065,-0.4778452259715009
22.359360114,0.4154452146000113,0.3806549388081524,0.8470263368140063,-0.453003035476772,-0.7834229724097623,-0.4756216567607763
22.409510407,0.42522073986968245,0.3845142607904389,0.8456548171173884,-0.4665978832050852,-0.7996922965591757,-0.4728689647188853
22.460025674,0.4363642208467199,0.3793494761624136,0.8438628812605322,-0.47848100785304437,-0.8192866098102165,-0.47334119187826174
22.509693863,0.4442295337622111,0.38294499859508274,0.8417932783055846,-0.4882950339480008,-0.8296367735661008,-0.4700737726732056
22.559418986,0.45122604011261785,0.3750818524347439,0.837215143525246,-0.4915139520075553,-0.8332380717812846,-0.4703364620951267
22.609871168,0.45828007423061695,0.37836155046144243,0.8373276118249244,-0.49958176711758506,-0.8405103145637884,-0.46686988056971224
22.660237263,0.46298173580214236,0.37239929411979533,0.8350982178395175,-0.4989830042573469,-0.8403004620867058,-0.46942516363265474
22.710004963,0.467342790070743,0.3682731483984424,0.8280620608850208,-0.49988895640611775,-0.8343414461010239,-0.4660365591097868
22.75929811,0.47100668958906494,0.3689160185417361,0.8290164621712167,-0.4995946470612038,-0.829267716476612,-0.4650747988688084
22.810554787,0.4755909352733013,0.36947391441576455,0.8277636644389972,-0.5008039963401378,-0.8240344771284898,-0.46218422496848044
22.85927004,0.4798873788263002,0.3653555649389134,0.8268357520466099,-0.4970006952888322,-0.8152345968116697,-0.46351816334649776
22.909853373,0.48470418035920226,0.3612318416191169,0.8261962053266172,-0.4923403689565764,-0.8049582567340208,-0.4648305706469067
22.959880399,0.4901632995656499,0.35962229695184283,0.8235206105542493,-0.4882079915468611,-0.7906071366634793,-0.46178859571721587
23.010457455,0.49624902999538195,0.36045613796689663,0.8239248751359709,-0.48435197615002146,-0.7777247043593016,-0.4590541703068247
23.059680029,0.503277817282542,0.3544019793224375,0.8218642558291593,-0.47669237917207985,-0.7633775619172631,-0.46049010901858933
23.110067786,0.5116794526471975,0.35098992781465066,0.8210616427750581,-0.4676352972848834,-0.7446941773926445,-0.45980410498571933
23.160427466,0.5213699337105512,0.3525905024124146,0.8265407947298975,-0.4582735345888831,-0.7267646126986618,-0.4592748113398484
23.210837796,0.5328414850691024,0.35184471294428865,0.8292549924490277,-0.44752187614249594,-0.7070529311243705,-0.4585956568168972
23.259264727,0.5468853361377936,0.3488762916110654,0.8323181744787957,-0.4335150155517491,-0.684511770743514,-0.4597789254944127
23.309939883,0.5623362569204949,0.3504795352910558,0.8298623928603809,-0.42211428386350525,-0.6601567406066522,-0.4549174352612946
23.359462381,0.5792827012184723,0.347401399431781,0.8370644083707335,-0.40761352253263494,-0.6382423410467872,-0.4560958742094656
23.409869577,0.5970730477700293,0.3438937492483536,0.8372777953335088,-0.39504456678527333,-0.6173426397309107,-0.45534300642670544
23.46048085,0.6123394514784594,0.34064424120462466,0.8411080820606497,-0.38181131927535894,-0.5978815843777951,-0.4564268114385124
23.510894728,0.6324978635110268,0.34247059570030336,0.8459863470270141,-0.3721754155781576,-0.5793869986130256,-0.45297984572122774
23.560360783,0.6483437871850839,0.3415158373329749,0.8494139747772481,-0.36436925437319,-0.5663978008909316,-0.4514736956203027
23.609891058,0.6626991233362658,0.34035491419784064,0.8525579287305369,-0.3584740386549874,-0.5564193891709186,-0.44982328381635517
23.660598619,0.6754510062621757,0.3391137943757319,0.8525391249924057,-0.3545339685835893,-0.5465483190198128,-0.44560077108147356
23.71034034,0.6819131680892782,0.3326432570536819,0.850983437043553,-0.3520253972382461,-0.5447185899471485,-0.4453716907136194
23.759619561,0.694252098528714,0.3342404608552642,0.8571797103235549,-0.3516033714590594,-0.5434273613294494,-0.4427288478025164
23.810051867,0.6982326196722753,0.33055221016797603,0.8548131364833211,-0.35256659872644613,-0.5441938844818015,-0.4394863716336008
23.860483132,0.7055408156041845,0.33026161288487166,0.8570853209687945,-0.35529960828432117,-0.5473262092727031,-0.43505938016147105
23.909823312,0.7065892992933106,0.3271156057408809,0.8572006843917332,-0.35864777201258935,-0.5548503675832661,-0.43326558646689417
23.961126367,0.713099303389785,0.32987733610367787,0.858511234671945,-0.36273239813515046,-0.556406480491483,-0.4257509816595344
24.010223436,0.7151949070982418,0.3324956605829965,0.8542190930625663,-0.369322025468235,-0.561967157590594,-0.4183241506058981
24.059258384,0.7136732506765907,0.3284540020997146,0.8544806817839824,-0.37248741400066976,-0.5689301040089054,-0.412691271491612
24.110681422,0.7136897778566395,0.32901789576684587,0.8493966927587758,-0.37680857328900785,-0.5750733590771713,-0.40599831696547817
24.159543215,0.7130212094077122,0.3296766575187079,0.8528113094341179,-0.3810059415620759,-0.5812296217508273,-0.39904123283139326
24.210149107,0.7116057864428516,0.3305324350077768,0.8515940208455007,-0.3850162370699839,-0.5872940827609936,-0.3917927602145692
24.260822018,0.7065585062565306,0.32643068708132617,0.8457717116684232,-0.3894662274219729,-0.598537068172706,-0.38608022139173004
24.309925259,0.7035866465681094,0.3324379132317575,0.8402400482258674,-0.39506849055996573,-0.6008100658416398,-0.37427140396032677
24.359838593,0.7000950856380765,0.33330492157230446,0.8386461681487093,-0.3981907951010628,-0.6070981414769534,-0.36700852999870825
24.410758432,0.6930966546541162,0.32890212713371264,0.8370531001836743,-0.40137460637735023,-0.618467109223193,-0.361580563756716
24.459488026,0.6886573982249811,0.3272093243345652,0.8354669048576389,-0.40162613143058,-0.6246713811456441,-0.3563344016021328
24.510032542,0.6836444920353101,0.33051891745943207,0.8298660594242354,-0.4036573947033619,-0.6268685482559384,-0.3466427290126788
24.559245208,0.6781921966050863,0.3306863682549248,0.8329478187190865,-0.40525043665430927,-0.6329927820742185,-0.3400386325479219
24.609557476,0.6724267856642567,0.3330175729572261,0.826895549998639,-0.4085969020478517,-0.6389658501626689,-0.3319115271952784
24.659435568,0.6634119991786592,0.3303126966360428,0.8302039034768093,-0.4096126794855395,-0.6497252131843103,-0.32776691363233557
24.709969181,0.6550902845694735,0.3269691142965157,0.8200096277182931,-0.41027740345168784,-0.6508616301339236,-0.3191197688983376
24.760167749,0.6492350753391316,0.326418461399914,0.818613878901921,-0.41083007330498367,-0.6558405198971542,-0.3136050014156413
24.810036377,0.6456939434765939,0.32879137766147,0.8171415172987576,-0.4113917814396726,-0.6605798304806552,-0.3080588453682056
24.859955857,0.636753119602438,0.32319390074227605,0.8203357647311819,-0.4100201449334766,-0.6701821829164647,-0.30641612859300116
24.910289749,0.6306631788386469,0.32520021290127715,0.8095609199298996,-0.41282549056171414,-0.6704742172365705,-0.2956825070403992
24.960718839,0.6245245219712314,0.31930603458432094,0.8076754342298142,-0.4117217772975956,-0.6750101468724363,-0.291663344549165
25.010301644,0.6183805472094281,0.3245019144159437,0.8105230754000403,-0.41498748658624196,-0.6795937836094961,-0.28351482068080314
25.060083365,0.6095405077168878,0.3195178380921886,0.8086053996421558,-0.414674064404037,-0.6894495010853969,-0.2810408258596637
25.110166002,0.6036505821914303,0.32460318730669996,0.797550297947714,-0.4204546175821755,-0.6899338029380004,-0.26786934696629894
25.159718394,0.5979369399922059,0.32008535598120846,0.8006180098434476,-0.41846889625513706,-0.6947329009881233,-0.26525779820201834
25.209599814,0.5923730941370874,0.32302391432883126,0.7987940432559618,-0.42268651753560604,-0.6994171306586532,-0.2568163422510201
25.260594704,0.5846155674405471,0.32123629574363644,0.7968672147320874,-0.4255395444731467,-0.7090082955337955,-0.25198752026503124
25.310631786,0.5795065035432331,0.32187037781989586,0.7948780824554007,-0.4280884644573746,-0.7133999471294015,-0.24531503581722625
25.35957499,0.5745703042132928,0.3198507299137784,0.7883347430106299,-0.42853238305670915,-0.7132781058793318,-0.2378016211541496
25.41074958,0.5697664670533175,0.32267481774167933,0.7811804127150018,-0.4327755331165646,-0.717427918030638,-0.2295610711045466
25.460235662,0.5630701454182787,0.3178978989144903,0.7838866763791643,-0.43313975755337575,-0.7267022461650248,-0.2272457736898179
25.510253907,0.5586087402982067,0.3149611496689491,0.7723398173734748,-0.43525456957448716,-0.726438055293559,-0.21843468811265865
25.559837581,0.5528670581695192,0.3149828894000003,0.7703091760030066,-0.4373912715416015,-0.7307803496699208,-0.21275480263407953
25.610367831,0.5480027516503272,0.3207398392445118,0.7683270172172999,-0.4441806722939954,-0.7405560810289522,-0.20526978724835754
25.659571043,0.5441352720401663,0.31269183075045803,0.7662777806432419,-0.4399530804298011,-0.739881132827497,-0.20376349528964433
25.71074878,0.5392307858466653,0.3212732397148321,0.7645651243554936,-0.4491008466736939,-0.7450493354391625,-0.19152100315371534
25.759456976,0.5350037611433214,0.31664122488858243,0.7620865585654559,-0.4479654323329849,-0.7490209213350374,-0.1899206428608915
25.809911914,0.5309383543153076,0.3172237452365394,0.7594722356261482,-0.45097277742587893,-0.7525913616349325,-0.18437471133892647
25.859572743,0.5271128364001605,0.3152012824322935,0.7517394490514472,-0.4522098368067895,-0.7558235302041956,-0.1809772140006407
25.910321073,0.5224832280267919,0.3156173237685848,0.7490470773140215,-0.45810217218836247,-0.76396507797703,-0.17587295061189323
25.959699125,0.5195301512713731,0.3127994895010323,0.7416874809309896,-0.4618039253899364,-0.7621536407177203,-0.16814462900370408
26.009698383,0.5166990876573718,0.3191118664937395,0.7439951056139814,-0.46752392825488576,-0.7650196692479314,-0.16141449144671416
26.059919869,0.5125798985041121,0.31108433417276493,0.7361092466052347,-0.4703229854534503,-0.773004823259785,-0.16099613580859717
26.110974495,0.5104286146587433,0.3201790433099803,0.7284247149182353,-0.4780097997136292,-0.7711563325421844,-0.14954025870547927
26.160292001,0.5078679453983818,0.31515642334490546,0.7303392846852036,-0.4780630962179444,-0.7738113208761215,-0.14941590782946346
26.211065998,0.5053303761894328,0.31538264470340255,0.727113932371464,-0.4817313458337713,-0.7761798975798762,-0.14531180670197763
26.260859294,0.5022806951986475,0.31546943742063005,0.7237759613364526,-0.4875785193247868,-0.7830201035936346,-0.14142861174811472
26.311339146,0.49982620673459094,0.31196107379343885,0.7103642815052111,-0.4905403473516827,-0.7793154454463549,-0.13497288733635227
26.361074299,0.49744519862834974,0.31457516892051585,0.7066122161433432,-0.4949186897854858,-0.7795010058059155,-0.12935480520782772
26.409795889,0.49509023183942763,0.31418760104241544,0.702727334603546,-0.4968424611318203,-0.7787961276341404,-0.1262104931719783
26.461105073,0.4922426051515934,0.3137058342369554,0.7035649967220192,-0.5001328851664684,-0.7862141126024493,-0.12599253521540987
26.509537789,0.48997524214771504,0.3132788931121609,0.6896871990360953,-0.5006246336776874,-0.773533873230563,-0.11718112396893421
26.559697802,0.4872783804082481,0.31345501260666897,0.6907153065112847,-0.49853574113180477,-0.769493955424922,-0.11601477626003653
26.609770748,0.4846803262681145,0.3132552253909662,0.6867192194917694,-0.4976841725523311,-0.7642341606305152,-0.11225204697873092
26.660467519,0.4819821812888966,0.30954201973535644,0.6776910695502283,-0.49739602157765184,-0.7609439069943242,-0.10834769757804796
26.711536246,0.4791096179937551,0.3098029999241957,0.6787533321227368,-0.492036212195214,-0.7520267727765795,-0.10676026125035065
26.759586311,0.476774560584668,0.30588988897868924,0.6647243235377608,-0.48755818283432184,-0.7361345775260357,-0.10000736804326227
26.809703461,0.47440806658779555,0.3053936775466873,0.6606978634781627,-0.4818786520832128,-0.7229769180143606,-0.09632609436016715
26.859661861,0.47241767870960766,0.3047954030076981,0.6567060894001963,-0.47588301151796397,-0.7094945876509042,-0.09281943448148855
26.910194915,0.4714823569269126,0.3046886270116615,0.6577181042281319,-0.4654622399730606,-0.6913828637293937,-0.091728700333233
26.960039559,0.4712453650529611,0.3007133330687147,0.6435338784184096,-0.4565652882446738,-0.6663678696362636,-0.08515496604708073
27.009529473,0.47282342793249277,0.3005749465813117,0.6391416523583389,-0.4473152004940135,-0.6445507517350446,-0.08107352051273686
27.059954976,0.47516062510250034,0.3042452006194572,0.6348594606406796,-0.4380249590691605,-0.6169328950294988,-0.0737964806811311
27.110419667,0.4784096345468679,0.30430590728124646,0.6353308826373582,-0.42956554143601267,-0.5997378851035196,-0.07238556303651578
27.160130584,0.4826224229193334,0.30124159894302155,0.6306697038993282,-0.4183866625276753,-0.5763716240576899,-0.07021200259551019
27.210565589,0.4875123601912404,0.30115034420808146,0.620574445038625,-0.4097323234116348,-0.5480216070542365,-0.06252872582490365
27.260753217,0.4928225563745205,0.3009800427716977,0.615376914366745,-0.40156857618635655,-0.5303819056544938,-0.06108387773571522
27.309888422,0.49801893381474577,0.30073162251287533,0.6050866900130834,-0.39502015407603386,-0.5001620374464109,-0.0504931000677491
27.360132942,0.5034572865517354,0.29343251774293727,0.5949379067526737,-0.3858927633645983,-0.48007150203803217,-0.04879134160700094
27.410223623,0.5087263695560227,0.2929219155648644,0.5901273508023093,-0.37969000270435016,-0.4616555599217218,-0.044846618483780354
27.460284768,0.5111834062068726,0.28941630083165903,0.585581641756022,-0.373144081982812,-0.447273047184936,-0.042944617067480095
27.510193224,0.5170732179334561,0.29606139240417073,0.581586669655123,-0.3706870935235371,-0.42792499433199094,-0.03321152134901695
27.559805779,0.518671106794303,0.2888031569728009,0.5728084328452887,-0.3636969089258244,-0.4153428000863144,-0.031288053899451995
27.610493217,0.5232925051095473,0.2922880538385621,0.5743956972966715,-0.35976823797206636,-0.4043469255202945,-0.02716037421695372
27.66062645,0.5254370695884399,0.2920644060840151,0.5708195005045057,-0.3564144586141773,-0.39950682198312215,-0.026151265874564622
27.710298802,0.5255196143500591,0.28858005090543026,0.5632888534922578,-0.3531760904800181,-0.3851612854714803,-0.018773357052703332
27.759282883,0.5263688017168969,0.2842613102440002,0.5551323703290506,-0.3506826559031988,-0.37791069347681905,-0.015186789821863833
27.810296123,0.5266988683954684,0.2874138338872241,0.5570384879940441,-0.3485612852059323,-0.3714686180580884,-0.011634335980426513
27.860824593,0.5248066197645234,0.28346179522165676,0.5586414279713406,-0.346441282705797,-0.37438735816739754,-0.013490391202653385
27.909903847,0.5242333960642824,0.28609139980452947,0.5461486607871984,-0.34761469129166134,-0.35987137852499007,-0.0013026058119161021
27.959454095,0.5213863609805375,0.27822566922264585,0.5381616891513296,-0.3438343039340448,-0.355509070649096,-0.00012261827012416404
28.010408747,0.5223274500203164,0.28132554287887424,0.540362887415321,-0.3429373564535543,-0.351652690463796,0.0034427612673573194
28.059686963,0.5194783113103005,0.28055684572093564,0.5326410470273879,-0.344878563799349,-0.3523531416058505,0.006819741888919317
28.110185721,0.5184016331440473,0.2724579134880383,0.5255840247692853,-0.3419892756073142,-0.34463989563555497,0.010297456267779559
28.160268053,0.5173358210530856,0.27141644977307117,0.5233708541352281,-0.34168170762359207,-0.34182746746797577,0.012905394576257834
28.209432868,0.5163010132563819,0.2703283345369108,0.5213655872044571,-0.34113706636000307,-0.3389554242708259,0.015307835327266872
28.259946678,0.5116102634925284,0.2691891579899801,0.519425922196582,-0.3427019340109583,-0.3398983796239783,0.01757644685668236
28.309832393,0.5124442744798681,0.2683977594693533,0.5178841184679398,-0.33881947618867203,-0.3315587073924746,0.02022036877563771
28.359449047,0.5115202806784896,0.26320336751647816,0.5107517274072731,-0.3374121967292951,-0.32742851333553524,0.022419616720784852
28.409682024,0.5106444487351529,0.2657925774468838,0.5136509712501632,-0.33584999748860733,-0.3231650750082924,0.024371590604499893
28.459878251,0.5061418757092064,0.26060131123613384,0.5066822701833332,-0.33652340612364684,-0.3228291978981632,0.026130847248322375
28.509835752,0.5069389350431523,0.2565328207494085,0.5047308110950441,-0.32977163064815684,-0.31885338539149366,0.022622674238332863
28.559801252,0.5057944086336352,0.2514929768893177,0.4984267324582628,-0.32823443966102195,-0.31063224173555515,0.026878544306241814
28.610929012,0.5045123936706588,0.2509397089688583,0.49659219160598317,-0.3242649767668304,-0.3071960829313065,0.025606395691197825
28.65985726,0.50125798515642,0.24607143014049687,0.4947426259271578,-0.32510164805494,-0.30777704611443824,0.027039387016301042
28.710333994,0.49965015414797015,0.2492834635102273,0.4929832982204537,-0.3236755532926896,-0.30456419440256965,0.02848942846032454
28.760482219,0.49788137480260514,0.24869563676153955,0.4917769576390478,-0.3223276031912521,-0.29704657934226564,0.03261582700811161
28.81009758,0.4959848160529464,0.2447621970588556,0.4900061897622211,-0.3184577804191231,-0.29418033150160383,0.031186830445988356
28.859684892,0.492105158086895,0.24032144162914956,0.48327857612188496,-0.31948932591063395,-0.29525780262841383,0.03223494780227565
28.91070228,0.4900442110000973,0.24389456772486764,0.4819541515282074,-0.3181066053640622,-0.2876998913306785,0.03599021885175624
28.959619648,0.4879261068661673,0.24357727455676312,0.47530053001223993,-0.3167014523397955,-0.2845376656606664,0.037081089277236856
29.010178769,0.4856479261058996,0.24336784138671558,0.47847296906216935,-0.3152537352118454,-0.2813393948256415,0.03827798065400767
29.060009056,0.4810829770529995,0.2400319966266653,0.47635013727188275,-0.3135885453320588,-0.28683409041660113,0.0343448488860032
29.109619341,0.4783105193653558,0.2402691250639214,0.4754975996610211,-0.3122225317230578,-0.2797260716181196,0.03861931649150652
29.159869137,0.47543130615756884,0.24060563588433093,0.4651035341944065,-0.3109138864395242,-0.27290508063434515,0.04306309658965368
29.210924154,0.47052168976733977,0.24092619986179506,0.4688859519577887,-0.31189525597144074,-0.27485254197936637,0.04465084008695719
29.259638424,0.46577082671430137,0.23397840087911717,0.4630257405122606,-0.30813086477738505,-0.2730440483269696,0.04384744122579143
29.309703273,0.46468342551397207,0.2388146280968164,0.4620417112032096,-0.30687519413990527,-0.2714343773787,0.04566619383741699
29.360407841,0.4617379556496826,0.2399001820183925,0.4616466879294266,-0.3056636064921232,-0.2655107129962717,0.050559265439645174
29.410256798,0.45693267401185206,0.23800714654196808,0.4557368146081137,-0.3043784287718867,-0.267994606214887,0.05058883480015641
29.460523189,0.45442085879436045,0.23968705169725735,0.45940910088267645,-0.303405755637733,-0.26616234987316467,0.05316955827404968
29.509461018,0.4521967907867118,0.23746209967651544,0.44919626322256706,-0.30254578799359066,-0.2597542575802976,0.05858289953557616
29.55961698,0.4483829510007844,0.23952475183280164,0.44795609127705677,-0.3016424364981396,-0.25743880775518324,0.061440366314148065
29.610108525,0.4484581250118031,0.24565970658840525,0.4465575018400118,-0.3005550782221693,-0.25482990163654584,0.06417556006463343
29.659635769,0.4449827063471628,0.23997408919495447,0.44498092524345617,-0.2991073307574439,-0.25598387100396636,0.06438309770311346
29.709740808,0.44338924590470147,0.2455354296158376,0.44389015469209453,-0.29766805055193624,-0.24867355801659397,0.06913990260887637
29.759593975,0.44179036512609754,0.2424106009390495,0.4374502613233151,-0.2960120811703355,-0.24574615617519768,0.07077000442478187
29.810046618,0.4400872892747947,0.2475044495458898,0.4405723571885747,-0.2941817284263406,-0.2428828352555339,0.07198246666912844
29.860821341,0.43644757045696564,0.24481692378989453,0.43897894647652835,-0.29177133162041846,-0.24393156554121642,0.07037243869637688
29.911095144,0.43478704241236427,0.24529380025256392,0.43324347724370066,-0.28958209412562264,-0.2367725958126483,0.07335297891736658
29.959828548,0.4332648454477981,0.24563077899132565,0.43188637266578606,-0.2874497109619045,-0.23401085952091805,0.07339258503817625
30.010072033,0.43197056206464507,0.2421961936821687,0.42588669195472995,-0.2827143791008768,-0.23126616264217326,0.07027420297741216
30.059861423,0.42896126782389615,0.23762943243074186,0.42461213019604244,-0.28049058558931517,-0.22830465546967904,0.06915014937060526
30.111044514,0.428236793467559,0.2411827545218485,0.4237675107519003,-0.2803145501137325,-0.2246403035438327,0.07010130062303066
30.160756091,0.42760644251725805,0.2401588694092001,0.42231417981919994,-0.2776265769912061,-0.2212884754306943,0.06828711469840343
30.210637455,0.42716459974211884,0.2388820695949589,0.41600919760742755,-0.27482064662176287,-0.2177917651311212,0.06625114626683448
30.259493792,0.4269991523354787,0.2293183802508736,0.41861241237470015,-0.269242020241967,-0.21853639260201962,0.05871464897067735
30.310374077,0.42533126754626893,0.2320142194689343,0.408363799001252,-0.26883863234030025,-0.21000266628296504,0.06122833179311815
30.359754495,0.4235724819918027,0.22615638415993314,0.40658864108606896,-0.2661217921456216,-0.20623945114800524,0.058903717345152984
30.409747415,0.4261914731129848,0.22497928567431613,0.4047518128168418,-0.26065113253540595,-0.2023492639979132,0.05378809900575465
30.459775397,0.42688205434526705,0.21909176325821358,0.4072367012491585,-0.2580646140658649,-0.20279539800692614,0.049105799270286354
30.510129703,0.42597742855799353,0.22195265567528746,0.3970286259857102,-0.2579645946225808,-0.1940221561447908,0.0521523094944083
30.56023748,0.42464840463460735,0.2163304332401063,0.3953735974144668,-0.2554767823670643,-0.19025622944257847,0.0505487601821093
30.610432398,0.4275098883690207,0.21145265394211377,0.3937186110751439,-0.250208000614208,-0.18657972896360864,0.04665893390428355
30.660100119,0.42420501038884656,0.2104472294626438,0.3878021115881476,-0.25043320380706424,-0.18237165212323614,0.04848105853494111
30.710460273,0.42662382706447444,0.21379729658087776,0.3862067844246851,-0.2480990306341444,-0.17893519710754635,0.04789855857074521
30.760119804,0.4267631066157273,0.21299383876819575,0.3930992071956916,-0.24577941456807695,-0.18422373534727843,0.042238003825505466
30.80982628,0.4268885985157061,0.2087145721182801,0.38286659302980425,-0.2405912538431476,-0.1717432019026779,0.04476178552647436
30.860310816,0.4229732176469398,0.20401728180565676,0.3808987551011169,-0.24092130997330763,-0.1715975907236933,0.04479673472225709
30.910506156,0.4252251019771157,0.20800625562964412,0.3791169498591225,-0.23886255159430636,-0.16302105877033135,0.04748508364316795
30.960090494,0.42517265148152766,0.20771730769198096,0.3767375689168525,-0.23677208048259857,-0.15867747314810376,0.04747017960581701
31.009740058,0.42490515930900785,0.20373716392471525,0.37419656548101504,-0.23182175101263702,-0.15420032016786145,0.04460190445263734
31.059544641,0.42028125443040415,0.19903408107128615,0.3667052145361257,-0.23197106160318004,-0.15329884545926742,0.04421408108818614
31.109370413,0.42203397584740865,0.19862407129902082,0.35911166950272333,-0.22977462375584246,-0.14382173036870238,0.0461978468889388
31.160193754,0.42141952191191306,0.20255514090626503,0.3605091979551295,-0.22759310640016306,-0.13874709474642,0.04530206824868799
31.210406159,0.42066801463313325,0.1977089012361527,0.35215808453072783,-0.2253171983701705,-0.1334759013051645,0.04423423141362903
31.259927707,0.41779130768191614,0.19354673308901152,0.3484429736327158,-0.2227275971839715,-0.13177812983222648,0.04018529745630062
31.309842726,0.4170958072235717,0.19313598873845728,0.3399690562925683,-0.22068880130712198,-0.1216291363653621,0.04136496221749919
31.36003613,0.4139648056691855,0.1927036806613907,0.33603301862562973,-0.2186847427852623,-0.11602533523121927,0.039800402682620195
31.410783906,0.4157386191766253,0.19286814506885414,0.336889875980154,-0.21394262200822212,-0.11031707109783628,0.035187654112029954
31.459652678,0.41036757078473113,0.18785913853000313,0.32831836888063265,-0.21383815429396957,-0.10827452016154471,0.03333943928697192
31.510021862,0.41215973849685,0.19182211025976317,0.32499297686884154,-0.21129909739908914,-0.09820634901085334,0.034041387669526024
31.560391842,0.41151163308688493,0.18677395928260826,0.3168947671225635,-0.2084824282835216,-0.09282309873705685,0.03234102484976198
31.610655942,0.41089845719528106,0.1868236491903195,0.3185511899422965,-0.20250198782744278,-0.0874623062870512,0.02807416478607383
31.660189622,0.40787334042877355,0.18618518697335862,0.3156148633496259,-0.2012952153618448,-0.08596029425597163,0.026951745217909995
31.710464969,0.40698563802202115,0.18545703796555316,0.30811102144041613,-0.19759658371063527,-0.08108573537447317,0.026018736532288145
31.759859914,0.40594868246210664,0.1801897414212046,0.30142691877704775,-0.19369125264925202,-0.07219317433913819,0.027933069728777404
31.81022967,0.40475221656661503,0.18012164600585956,0.3042712000877605,-0.1866645952717958,-0.06813309399501488,0.024517991729981148
31.859718403,0.40073981925359903,0.17934321689819704,0.3025768000529993,-0.18474045584251542,-0.06837446838313088,0.023977165311174886
31.909625576,0.3989602855932752,0.17850543889887024,0.30123410271867335,-0.1805891525293859,-0.06555898969920726,0.02335226705406157
31.95935588,0.39713042611737037,0.17767614791948366,0.2960272798610955,-0.1764915603409989,-0.05890788047032025,0.02540335306311814
32.01035252,0.3953957187255628,0.17288011859808336,0.2951738099866083,-0.16939842043244102,-0.05659595192476363,0.022031911035678142
32.059534089,0.39112889405419266,0.1720328888617119,0.29436956401410563,-0.16764922366640622,-0.057957428636123076,0.02172022856071454
32.110044179,0.3896205809030277,0.17124414524990106,0.2895798427667932,-0.16361024145203462,-0.05108559102449739,0.02434650452516074
32.16030164,0.38825329969263006,0.17059067220251653,0.28907694314612786,-0.1597604369426504,-0.04840845079615175,0.024352646658977406
32.210634046,0.384280798995964,0.17008669363577741,0.28863657389249603,-0.15852316980879966,-0.049530860411381106,0.02446507790809349
32.259712704,0.38301799459672936,0.165769014913787,0.2881964900125141,-0.15237536909859006,-0.04691370524874028,0.021808415462358788
32.310218212,0.3819230470887261,0.16542863188272755,0.283756212456155,-0.14935199885525474,-0.04015316502641131,0.02467423287978132
32.35957585,0.38083923821272103,0.16512388480684587,0.2834565467333424,-0.14659633262319716,-0.03790778976471021,0.02446519965543903
32.410145348,0.3767725356524682,0.1602470910098037,0.2783632901599519,-0.14424079232084885,-0.035808489690716705,0.02405123708068313
32.459847559,0.3760635143614976,0.1561862203623057,0.2779885522868656,-0.1418521315347112,-0.0377220074894824,0.020602475096313633
32.51020839,0.37510138918170777,0.16071437420291224,0.27758305470348177,-0.13999715208232377,-0.03583980981289159,0.019852843346495952
32.559808934,0.3741236966171014,0.16068778201688427,0.27788303532702796,-0.13824865239629514,-0.02988844133350277,0.021692556708685196
32.609807457,0.3703624018159844,0.15681043261970545,0.2774624312993341,-0.13608888506291805,-0.03210236692471735,0.017966840871353362
32.659620875,0.369264401523239,0.15225850737019136,0.2723070929586595,-0.1341984546180841,-0.030519683932516806,0.017141504638271243
32.70985641,0.36811262893761826,0.1571336822823946,0.2726523111169056,-0.13222588984669592,-0.02475601625252377,0.019012369179602473
32.759635514,0.36375891682876665,0.1526457963779897,0.2674960151173763,-0.1299987828603273,-0.023122914339179346,0.018226216422466912
32.809545773,0.36267952898411543,0.15753084576897106,0.27192033766533064,-0.12986536796624737,-0.025443768407755307,0.017330320975575297
32.859443508,0.3641190148564352,0.15384675267571224,0.27167003984473215,-0.12183664027803864,-0.020042439258540767,0.013640928857735268
32.909940963,0.3594768931320596,0.1541447928356323,0.26755446038611136,-0.12137470706296138,-0.01849454871824996,0.015442899377848818
32.959537501,0.35750872063020944,0.15452783752768226,0.26739382405587986,-0.11845894247485056,-0.01717407681678207,0.014692036994267355
33.009921498,0.3553352271395264,0.15492806186547475,0.26710681046036666,-0.11556572804810816,-0.015761720571018323,0.013990153265951655
33.059605284,0.34983601394671443,0.15143781902243145,0.2667361459670025,-0.11208196751663202,-0.018206965303884992,0.010464234654729232
33.110206306,0.3474022616540006,0.15186657347678117,0.26222606240923657,-0.10908704968624594,-0.012462400935622675,0.012552065256477896
33.1596385,0.3450547635634672,0.15236586940315405,0.26164284426786005,-0.10614211680287866,-0.010672013719695173,0.01199810321896333
33.20960124,0.34280067260090447,0.1528880464572973,0.25613617312863884,-0.10333214653410039,-0.008673188764239725,0.011545216571768435
33.259796626,0.33748175462633007,0.14939798553307437,0.2601165404252498,-0.09999153800712524,-0.010336261931702673,0.008113420282843009
33.309624152,0.3355735995495413,0.14955784502256786,0.2503886119820844,-0.09697534831371257,-0.0036343513210113088,0.010148059215972616
33.359617887,0.3338441845313449,0.14472912825143816,0.24955059889532988,-0.09388397123013625,-0.0011038632788862301,0.009298134104054334
33.411141499,0.3322013150515434,0.14522010482478642,0.25347598183962955,-0.08778799672259652,0.001432123142253161,0.005456030188444316
33.460032103,0.3272915306230878,0.1446797694704553,0.25265569185918163,-0.0867003547136509,-6.17448397655096e-06,0.004431861254269975
33.509333835,0.3258008295377547,0.1439875596114756,0.25168858640423547,-0.08341580830385809,0.0024957998467334264,0.0032996482169860286
33.559754156,0.32070524377872034,0.13836982975203635,0.24164753604756187,-0.08042917952364004,0.009247528341538747,0.004722421461187842
33.610218582,0.31915699528119906,0.13335979260123706,0.24045271941924232,-0.07474329042644356,0.011476796738479678,-2.1535447100262672e-05
33.659820852,0.3177799585108996,0.13738429866279667,0.23995145516088165,-0.07458582792497737,0.013643813180856057,0.0010132986962281265
33.71008351,0.3121156878175931,0.13172690080105773,0.23827337956454095,-0.07212086611127333,0.010836954936420895,-0.003618738536186328
33.759426624,0.3101371196496651,0.13085623969904137,0.2331863146393974,-0.06977258056469893,0.016286557927337242,-0.002855795897616531
33.810170201,0.31213567947277665,0.125873865194523,0.23240084290448607,-0.06457825959040786,0.017267607325545775,-0.008068046443899135
33.860103936,0.30708930929928374,0.12993796050298337,0.23250013006859904,-0.06487573486973641,0.018258110960680085,-0.007537399404472289
33.909644667,0.3057923144204032,0.12924087973515866,0.22731876056302505,-0.06254995208381775,0.019094026340370718,-0.009669084586986898
33.959488543,0.304672019554329,0.12863518853834877,0.23102869427278047,-0.060354628842074654,0.015710096299527798,-0.014362440977480517
34.009596483,0.3036585994994472,0.12411948599858962,0.22676563289330753,-0.0554841120310714,0.020636363795871304,-0.016346158988657322
34.060346678,0.299215024203226,0.12386163382262642,0.23051592665080903,-0.05655902634916288,0.013075940394294605,-0.02045450906242685
34.109855222,0.29825560734087436,0.12376700708058998,0.23094484849188937,-0.0554161577652339,0.017922119788095436,-0.018500327716535203
34.159498611,0.2933818980249443,0.11491631384789386,0.221820932500059,-0.05160647549990305,0.022754908960192388,-0.019103645721910922
34.210419105,0.29644932979304456,0.1189742663708631,0.22141578400928236,-0.05386152317039805,0.0233754600644982,-0.016478634807203463
34.259786369,0.2916985182506117,0.11521381879122322,0.21696602737575862,-0.05045161108392904,0.028259944221860955,-0.016536742230194967
34.310038425,0.2916867872956751,0.12034098146033108,0.2252414256963613,-0.052907337244469055,0.02069874549847661,-0.019188057225669297
34.359750073,0.2913453729901783,0.11588909325766916,0.21586444414550388,-0.05257467455724818,0.026086822743009108,-0.015632446075315443
34.41115469,0.29108923848287344,0.11719200711573256,0.2198490591907061,-0.0493655028530231,0.0274676742153952,-0.017282117190052126
34.460930252,0.28754335462934255,0.1177635038072377,0.2190597284781119,-0.051901881514250015,0.02493907462216871,-0.015705544244067227
34.511270575,0.28743279505763947,0.1184414120111644,0.214125890777505,-0.05160050336779598,0.031005990960025542,-0.010643408728292059
34.560257008,0.2873389516782892,0.1190905039074012,0.2132174629414924,-0.051353984932581476,0.03269090628278004,-0.008404856995951171
34.610488824,0.28718881079430153,0.11489356831667973,0.20760214664850085,-0.05122894881479034,0.034277061375094675,-0.006044931348758276
34.659378681,0.28371905951300896,0.1114972920820339,0.2066041944792159,-0.051055952865918464,0.03166991553748488,-0.006302565062626719
34.710615695,0.2835389209226265,0.11204114301126637,0.201508451775855,-0.05091012760709912,0.037488059258576456,-0.0006691308549866548
34.759703301,0.2793716094273877,0.11266389067598218,0.20029183937201345,-0.05078943256371016,0.03883877690719473,0.00205630667871759
34.810358649,0.2830513574202373,0.11433021473662455,0.20354246486225466,-0.0475774186195661,0.04008601369390963,0.0024320252048193325
34.859909624,0.28270002919622333,0.11040736711452807,0.19741768457710646,-0.04747986689897399,0.041277918112957224,0.005393648602484369
34.910130024,0.2788878720527734,0.11628448392664727,0.1916900528941137,-0.050303206266065104,0.04262446350910576,0.011114744307753277
34.960315295,0.2783958523128989,0.11718065250860722,0.1899588045269231,-0.049903954776509885,0.04377963883095681,0.013562590401962282
35.010028991,0.2779404203336606,0.11408560100799392,0.18829207322872926,-0.04624566597669233,0.044848337684022965,0.01316489571770596
35.059744104,0.27748252469333967,0.1149111496181684,0.19134871373927323,-0.04575160981930981,0.04569533757621258,0.014839906366952427
35.110045753,0.27367056664586087,0.11575392632089714,0.18134284615103433,-0.048477563522764555,0.04630168703038695,0.01877737406739932
35.159952413,0.26927955557676136,0.11167674394626817,0.18020790429869463,-0.048304542841688836,0.04647703290746552,0.019364411165638806
35.210209899,0.27255155272688786,0.11749475395474672,0.1793157718518957,-0.04813603030754798,0.04638032906840195,0.019633094561016584
35.26044106,0.26843888136919397,0.10954358925186992,0.17869707965222123,-0.047782970476370146,0.04187891490337936,0.01703666308032581
35.309914655,0.26762214659422146,0.11524220256516673,0.18301206889615973,-0.0471809927984248,0.04141721943072696,0.016918464703795877
35.35951133,0.2668378189826387,0.11584391969968524,0.17907589997371604,-0.04621732789836841,0.04498065104225457,0.01925563082863313
35.40931361,0.26602037009092877,0.11631042242133979,0.17930427676436556,-0.0449230593129446,0.044353045583062745,0.01888104486041442
35.459490038,0.2617210463331991,0.10769898786777675,0.1750322662966618,-0.04278394387914197,0.039666133458260866,0.015859384262715714
35.510306457,0.2607076488487488,0.11289751225295841,0.17630339610801135,-0.04050753439042509,0.04325708088668723,0.018306726294063047
35.559588158,0.25961340894792156,0.11319169757057436,0.17683217660456366,-0.03784486751534466,0.042794276295786915,0.018190504532215712
35.609959395,0.2511181636892164,0.10864684274202324,0.1727789679437252,-0.03753690828834255,0.03828238170082798,0.01820668429725636
35.659810783,0.25760242644981035,0.10531288696296065,0.17349039786459025,-0.02861057546705137,0.042015701271298056,0.01591588924559506
35.709249677,0.25323255769556313,0.11104423797325934,0.17508064097128032,-0.028158023385111086,0.04172044572067524,0.0191238136741001
35.759986283,0.25241417592491794,0.11195134896622697,0.17577259024980435,-0.025009349883780452,0.04155591405486625,0.01967995985144988
35.81045559,0.24412422245886353,0.10810007128668035,0.17170338913790098,-0.024611715632612885,0.03745931173240358,0.02034953972094744
35.859252219,0.24333967347363014,0.10533383776762298,0.17224853122439476,-0.018652713965204626,0.03748342929206139,0.018512050772102384
35.909868451,0.24670033968709534,0.11120473322229925,0.17274276177222006,-0.015905322431773783,0.037631304692388845,0.019260203732716086
35.959529896,0.24604433208283438,0.11221743709810401,0.17416332712382207,-0.013214306848057689,0.041765828216695056,0.022729046382914397
36.009497586,0.24188202852704999,0.10939593327033317,0.17471701561406788,-0.010275166582951911,0.03775362183546527,0.020859354305639677
36.05913954,0.24478660416180573,0.11038683608608064,0.17515422383442925,-0.005317827732413072,0.041848045605466844,0.021656737725265884
36.109542216,0.2403816842016446,0.11138279719215835,0.1754759616254263,-0.006015004120805578,0.037723422758837444,0.022474104251476668
36.159579684,0.23954294570975737,0.10760249423979704,0.16708531641039595,-0.004410647267855339,0.041718268658832436,0.026056032479317537
36.21036783,0.23869961845692433,0.11339471337047823,0.17185417051850177,-0.0032143116416145645,0.04161217707871412,0.026815984765081957
36.259533501,0.23758459565484608,0.11068233006148404,0.17183683092001414,0.0005874116465349744,0.04125382212059758,0.02487800288220221
36.30981586,0.23256441834696243,0.11177276754062629,0.17174088959041084,-0.0018845837496259676,0.03645816352735132,0.025537718624502936
36.359696928,0.23103845652422406,0.1081556020702161,0.16290957287178678,-0.0020209847298122696,0.03973661669415751,0.028822042240824963
36.409711887,0.22938304623768227,0.11402199177707176,0.16734803299247228,-0.0025461956512113915,0.038715113870423146,0.029114035574580477
36.460172545,0.22357074130798835,0.10630054427807231,0.16224234299332962,-0.003408746799597573,0.03310610363808664,0.026242812079621203
36.509827189,0.22128573464005985,0.11160595945211091,0.16243612044538155,-0.004226178984951368,0.035874972443188824,0.028611253927897096
36.559355581,0.21890238799455106,0.11193253221217282,0.15714995797268355,-0.005125265391976441,0.034383582665946655,0.02793031161977666
36.60998021,0.21648042818001095,0.10801374786712871,0.16122545797096838,-0.0031112505382413502,0.03293075829568082,0.0240836220996945
36.660086141,0.2099572655032729,0.10788954313152678,0.16058797623060392,-0.006843243148267675,0.026971790318169653,0.023053829497522216
36.710433152,0.2073496046275099,0.1077130100988005,0.15600613025215365,-0.00753124541858341,0.029708715998575386,0.024822978175640387
36.759829762,0.20478374325361,0.10759044178930706,0.15085360623681704,-0.008149081682410575,0.028277507085765485,0.02388611406811325
36.809952047,0.2022245986860654,0.10353638050619779,0.15539174829867697,-0.005913144638136636,0.02671926586479323,0.020051044696964837
36.859465424,0.19561603850185516,0.10360983244532244,0.15550471193499021,-0.009412038025072178,0.02049072838445465,0.019269137690272053
36.909532216,0.19292170868121697,0.1038069468993087,0.15590045862867824,-0.009986387708824651,0.018473771171830577,0.018555820498781905
36.959380021,0.19026867446981469,0.10421503220842754,0.15268906062816195,-0.010480055383546905,0.02041825515815443,0.020852969871055116
37.009925762,0.18776361275805895,0.10090803885318977,0.15352437007790504,-0.008010019251901923,0.01827353764834161,0.017550371824796684
37.059622165,0.18534604476706104,0.10168528469764898,0.1507617508697805,-0.008329423279707093,0.020041949943076176,0.019929294003840248
37.109772467,0.17900185315615447,0.10257680622787775,0.15566280131384558,-0.011534565316262402,0.009275198710354537,0.01661716897499943
37.159232529,0.17671008749789863,0.10354486110629142,0.1532687906077867,-0.01188440279235703,0.010665963820524205,0.018723824946186518
37.209730154,0.17445699369557366,0.10453231993772513,0.15470812394222147,-0.012205646087180888,0.007976324892084996,0.017874838321198183
37.259562974,0.16830269212433285,0.1016083024406948,0.15622811295985337,-0.012541289820218182,0.0009108870815959236,0.013987145640412812
37.309742331,0.16628990353078069,0.1027510912796859,0.15420257304073035,-0.01276022245063313,0.002049363275418159,0.015520960609338275
37.359918873,0.16459905665618996,0.10402100664210341,0.15593016719800487,-0.012919977438012431,-0.0005007905440690408,0.014418359021126648
37.409775367,0.1594241545193175,0.10542055395690472,0.15774486351363556,-0.015820307421257063,-0.006979257277044404,0.013299381174844527
37.459366662,0.1585530476430193,0.10309270153781884,0.15955654228150046,-0.013343191629846096,-0.008926878175174124,0.009480682527697404
37.5097403,0.15812103248857712,0.10465646901129698,0.1578267615190707,-0.013405118712151776,-0.006760907647499259,0.011233766298507142
37.559944259,0.15790615083017331,0.10616730872358833,0.15973331655274212,-0.013464491055183103,-0.008268487288562554,0.010450253582644287
37.609950992,0.1578303362398985,0.10754154728137594,0.1615145390270817,-0.013547522516176969,-0.009587314700777227,0.009725328904997887
37.659417122,0.15419307821255684,0.10487353087685525,0.16308604684460626,-0.013641729799901192,-0.014653820948700158,0.006321911918638179
37.709568535,0.15449752799612607,0.10606214768546685,0.16075296384026214,-0.013549059893024129,-0.011415461293401208,0.008754158672898527
37.759652549,0.1549754963936427,0.10721128464681125,0.16203437284557964,-0.013254943431122435,-0.01180330535925389,0.008649150402190386
37.809323111,0.15552991757297405,0.10443924288578746,0.1633018875725191,-0.009920328645504739,-0.01206825683490731,0.005989351550645949
37.859664793,0.15244866833899867,0.10570066933108188,0.16455597877894565,-0.012055263886500356,-0.016217149874079517,0.006312919148558471
37.909683293,0.15320176368128544,0.10697786723556141,0.16576340530388106,-0.011276172059328182,-0.0161692016203272,0.00688339648359193
37.959504494,0.1540926132675564,0.10817637993748934,0.16317484609615093,-0.010261059997818123,-0.01191430334467558,0.01043072350766927
38.009578638,0.15513798148808386,0.10923317328270275,0.1642644583418813,-0.008969732276001174,-0.011367840970023302,0.01129737479171311
38.059340996,0.1524659808077366,0.101111648852826,0.16058123137690725,-0.007253579041074154,-0.01467883740905851,0.009591629269228186
38.109455701,0.15347659951619602,0.10680385990668584,0.16639246266571203,-0.005748669824090946,-0.014058208780876491,0.010706472179958126
38.159375196,0.15447407788844048,0.10741115134549703,0.15917314610449032,-0.004239149739358794,-0.009544872316322284,0.014696062368719787
38.211415509,0.15540043636358605,0.10811922057443343,0.16531929486223296,-0.0027249519688572477,-0.009330319403926701,0.015801102414137347
38.259900576,0.15241924182041075,0.10502825988162437,0.16232765580339795,-0.001097475045397367,-0.01340140831856651,0.014340276214997338
38.309262615,0.15302313920847788,0.10603122986544117,0.16878690514224556,0.00023233263558974926,-0.013702219634797785,0.015729215799626495
38.359481809,0.15357462151838644,0.10690596823018131,0.1624340507556528,0.0017349155691226414,-0.01009067878891834,0.02005187548619869
38.410841515,0.1542173134300776,0.10272259682697299,0.16430959678996013,0.0032884049100099233,-0.010351514567745745,0.021310570235162807
38.45935894,0.1549457838071881,0.10428548467330301,0.17074272523252762,0.007746524894677975,-0.010553863171860911,0.01954620525036521
38.509638774,0.15189823186843407,0.10477099751391822,0.17246894010915542,0.0061844864592650595,-0.014715076915003067,0.02027713365904038
38.559813505,0.152627861957251,0.1052041811173987,0.17059844249453346,0.00716992039861708,-0.010962056131539555,0.023750663042093834
38.610282559,0.15337574291488631,0.10148312729059714,0.17222432641483404,0.010903215353645912,-0.011202942216685052,0.02121008604674568
38.659913807,0.15040539477007148,0.10183798086648825,0.17014478137790834,0.00848801996766202,-0.011396303114467266,0.024169818041013258
38.709358661,0.15131660689521573,0.10229730514466245,0.1714914971287959,0.008673504060631387,-0.01151845308631394,0.02403085230489488
38.760066282,0.1523541473857812,0.10294751907610435,0.17265050706804125,0.008518513388351856,-0.011521417905594689,0.0237746979325415
38.810060069,0.14988543701352255,0.09978980986631714,0.17368578562797585,0.008122520450005943,-0.01535591500897926,0.02058344765609732
38.859537659,0.15135904432982022,0.09589831722480859,0.1700654751145505,0.00758916720036229,-0.01506468007462658,0.020189384782638875
38.90951808,0.15294917527411722,0.10222608103406028,0.17538092185873033,0.0068115672970074925,-0.014702671933977562,0.01972267020826557
38.96022808,0.15467221077068577,0.10380124465125637,0.17236758076859263,0.0059081407837151545,-0.010294381972248523,0.021833242697843147
39.009473124,0.15291677467983059,0.10556410320323646,0.1729179142601474,0.0020303774718284373,-0.0136433646605445,0.02123787883677597
39.0591444,0.15478478698067383,0.10350495551885501,0.1689361272651993,0.00388447364785538,-0.013204095186201137,0.01773693826678535
39.109413018,0.15652849937941385,0.10536008575093565,0.17033343205926155,0.0028919419222424025,-0.008934753642733995,0.019347403955124243
39.159725257,0.15815665522489,0.10728834107456846,0.17079827148072685,0.0017253525483660326,-0.00867227835094031,0.01810460196972219
39.210068613,0.15606045013460398,0.10532746581623975,0.17110590812717874,0.0004017217256082617,-0.012246142414458205,0.013930920599577234
39.260196234,0.15761320953709038,0.10730529140017712,0.16649245370185256,-0.0007649096203588002,-0.01164818755467767,0.012641805448007304
39.309898008,0.15910881091770435,0.1092229125265146,0.17096805698984163,-0.0019091697143611697,-0.010913183445249608,0.011430449142773469
39.360085657,0.1604620572501662,0.11099087498319579,0.16197627037201157,-0.0029249421271684284,-0.0060489676089288125,0.01286778569588698
39.410147276,0.16167594540976374,0.1127410338053984,0.16145079780577073,-0.00378938653206351,-0.0051700686995097556,0.011971830935523897
39.460043726,0.1589631504289599,0.11038411818687549,0.1608065027675228,-0.004495865990977954,-0.008264736069389933,0.008480243295529988
39.509895653,0.15973312962417396,0.11176993887641054,0.1648128881955373,-0.0047619647714283175,-0.007344117368388581,0.007927372588452997
39.55934437,0.16022676679514128,0.11304645970296795,0.1598614891524234,-0.004796345051796713,-0.002203069805723601,0.010408636239366054
39.611338083,0.16048496752654276,0.1142715837136166,0.15892625167855892,-0.0045944210449109235,-0.001249840461007068,0.010586083560909287
39.659813146,0.16054450178569002,0.11137425617923541,0.15804166433329836,-0.0009866150965844867,-0.0003723590873665472,0.008317989881010845
39.709452669,0.1566963636051021,0.11231215778275884,0.15315032790816846,-0.0028619399131812884,0.0006595632021753062,0.011756466288791678
39.759475526,0.15685654259972515,0.11306118756874517,0.15251593629971588,-0.0016055083918402602,0.001606718732577228,0.012179421065024343
39.809292845,0.15716609818534558,0.11367438404658323,0.15204995406431845,-0.00011930531328552263,0.002595540172055877,0.012530090374100133
39.859431252,0.15392659362369382,0.11011739829391032,0.14703315380055987,0.0020266131437773893,-0.0003401940060197006,0.00990485462446511
39.909800475,0.15480205987259937,0.11058927198662687,0.1480299364714806,0.00404588263331096,0.004742045856842125,0.012760211100733443
39.959480816,0.15591646278544,0.10614782041935385,0.14376844416908469,0.006309737128584736,0.005609995301038673,0.012611924973043642
40.00929226,0.1571959575846564,0.10761766990375657,0.14933670425613288,0.011787536882311933,0.006413339064613055,0.009502058151105608
40.059708369,0.15486485659606303,0.1082283288440973,0.15026781710023804,0.01172624894921892,0.00330580726385854,0.009029300904546567
40.109497125,0.1564606099453964,0.10888358201586203,0.1475047152634911,0.014285548984873664,0.00794959313667043,0.01103541336217262
40.159727953,0.15346744647194355,0.10451466287614058,0.14380621655751177,0.016850661455391602,0.00871225594144942,0.01007103036856094
40.210641168,0.16029449901926457,0.10977155647029378,0.14992576859950954,0.019389859261110587,0.009450990162879869,0.008727279639568764
40.25946855,0.16248755248581787,0.10099356762904771,0.14272143306590457,0.024881024103725835,0.013956991201382607,0.0067611454579914465
40.309370564,0.16116098491098546,0.1060100542597158,0.15285841965186414,0.024371953934519297,0.0069155728389969084,0.002240171416255876
40.359702656,0.1634824272832327,0.1061602778284897,0.15057980318063377,0.02628125936410708,0.01124264600633662,0.0027101090802288397
40.41009344,0.1657361815639254,0.0972293360088213,0.14732434838748198,0.031043123804259665,0.01151567305210488,-0.002632127653178884
40.459304588,0.16795805767814473,0.10203390182648332,0.15388833195123136,0.03261554012507695,0.011742788217268263,-0.005116446839529054
40.509460672,0.16650709283289056,0.10205735518204362,0.1555827635274949,0.031171981656445524,0.008178586701467871,-0.007454238647230937
40.559926958,0.16869380249569005,0.09810603175082513,0.15337597394591643,0.03549097067808571,0.01239797131889464,-0.009995266189007701
40.609363282,0.17084352209688378,0.09841686132611309,0.15507337828012524,0.03673552576770067,0.012699607526616141,-0.012016198752312413
40.659852822,0.17297939320902048,0.09889164350736972,0.14805178471539393,0.03806242577343166,0.01689216022706841,-0.011230472425348914
40.709643489,0.17143205841480813,0.09946324080726932,0.15473566625166876,0.03690666124507036,0.01352346974291585,-0.01288946775120614
40.759263773,0.1735614637811306,0.10012648281937075,0.15646016387520628,0.038717281045918206,0.014091429985028547,-0.014347106910863161
40.810822445,0.17569320929080662,0.09698452446222511,0.153156905898368,0.04367656664299702,0.01481632186045978,-0.018348963294236853
40.859164344,0.17407200821263813,0.09813129897896229,0.1596667853284847,0.04327741047356426,0.011898298299622745,-0.018993477834251316
40.909258613,0.1760854965714263,0.09966432789917022,0.15746422561276835,0.045560500028853035,0.01649913606538078,-0.01652503573427211
40.95928782,0.17794633897256662,0.09656125325067859,0.15422715968973066,0.04780967271540959,0.01700824441622739,-0.016407390042362913
41.010053647,0.17977779019395387,0.09981916690921466,0.160837507731613,0.052924971826016076,0.017537233962593213,-0.018593695667774135
41.059220092,0.18156426881929252,0.1020175551245065,0.1623822048571215,0.054952462582726014,0.01810115394036682,-0.017943406265517048
41.109355616,0.17950546153957805,0.10429174600887804,0.15989381531945226,0.05418163110043395,0.018841734760907336,-0.01437169685778894
41.159388775,0.1811313454045685,0.1065717111694966,0.16112859765584586,0.055666114426975,0.019493760065667054,-0.013464835247314788
41.209825015,0.18262146228971096,0.10882727161896326,0.16218883706467885,0.0568467444341465,0.02015665428236879,-0.012627132635172345
41.259433681,0.18397972109040645,0.10732347050948789,0.16301277773513834,0.06034421438993398,0.020880856119087632,-0.014577632082541925
41.309189426,0.18133510721041884,0.10953137046658748,0.15952075140817137,0.057975810404901296,0.021892199305447058,-0.010955237190220402
41.360252069,0.1824976611480174,0.11157444401135128,0.1598567002945991,0.05790175867019354,0.022809502009386584,-0.010408308581166814
41.409628851,0.18356985369701506,0.10970017926584268,0.16009072087845735,0.06000553597192049,0.0236931443003785,-0.013016889171977297
41.459558366,0.17556837199303602,0.10663805581459501,0.15535271456260874,0.05613271491918237,0.020428505927291063,-0.013068465252173311
41.509228905,0.18141101151232475,0.11347914400022965,0.1565479287982931,0.05478883734657636,0.025043504139175,-0.010753520411104667
41.559935268,0.18215080909535106,0.11528697162665907,0.15204174152480335,0.05315192978565353,0.025256576640238393,-0.011797040628780842
41.610043177,0.18278037937490477,0.11716380566603368,0.157555882807719,0.0512209788730722,0.02526823139520129,-0.013197323326481936
41.65937965,0.17917951845227137,0.11524664248323946,0.1581552551364619,0.048780496553186836,0.020984524537904115,-0.01770704284894009
41.709307229,0.17934192922519918,0.11730916683811994,0.1588424539168746,0.04645772578102125,0.0204016027115701,-0.019320670689502606
41.759497309,0.17928903803719193,0.11430287260055767,0.1507005533989131,0.044029413454515165,0.023456291375444138,-0.018323161353114514
41.80975798,0.17908436887072038,0.11758741486863804,0.15677259719152917,0.0442402965722648,0.02215002778838482,-0.023012839197560808
41.859519408,0.178782327325418,0.11971931585448879,0.1530777305973774,0.04196163610628467,0.020536820307874848,-0.02463636553543047
41.909309545,0.17424970536929826,0.122006164105353,0.1556232165038146,0.03672497473879144,0.018448667213761816,-0.023406784778583045
41.959240933,0.17389039739621787,0.12436524738185728,0.15722860447573755,0.03461443002093301,0.016499651257730896,-0.024725052075435627
42.009568056,0.17345981093070972,0.12674862606080717,0.15883277634076842,0.03272089636970055,0.01449223098139818,-0.0257823232066432
42.059328943,0.168733588804528,0.12523197392209268,0.16044462031975462,0.030914715089873646,0.008182464625337005,-0.02930530762950312
42.110305475,0.1682405889159203,0.12756403072632616,0.16202294039566026,0.0296386071302015,0.006153232841695555,-0.029778564964764165
42.159372487,0.1677345554451293,0.12988179366363278,0.15956859993673175,0.028582916361016508,0.008167948248739343,-0.027336037257351897
42.209658713,0.16291615832503042,0.13217097158138805,0.16087864554106548,0.02464311430423649,0.0021109309310860525,-0.02735303642192921
42.259573202,0.16236303041544373,0.13045316885808256,0.16193499640858972,0.026765610999044398,0.0005799508511881157,-0.02975352590179714
42.309861707,0.16186920516380374,0.13251362911710776,0.16280594260091852,0.026300569902349302,-0.000703060956256607,-0.029214247576792474
42.359171238,0.1613342237888069,0.13442279237168206,0.15941204829299324,0.026135611290786898,0.0022559648872588767,-0.025590973738848
42.409475683,0.16075274205536613,0.1323014591362945,0.15995172738313726,0.029089206261065925,0.0012155055852565155,-0.027293992119418853
42.459656722,0.1557582667952311,0.12904023061604306,0.1555050551137588,0.026021344807722002,-0.004256654181299169,-0.026293213549525518
42.509959873,0.15496573509573724,0.13624321963914668,0.1610436930682884,0.025882365916408467,-0.005515868656240208,-0.025331057033184834
42.559440799,0.15409225465722162,0.13828479663027002,0.15754377193124056,0.025608837862118428,-0.0027689003115423105,-0.02165122074071668
42.609342284,0.15320147496651143,0.13622798484182236,0.15809858871086685,0.02815656252922949,-0.004120633282625796,-0.02378085723896195
42.659266318,0.1523708572937286,0.13805180870793163,0.15869196729654622,0.02764386421236953,-0.005431238666408156,-0.02350669932260452
42.709728294,0.14744681675192042,0.139758945701235,0.15928927982643193,0.024170749407351977,-0.010873422176804759,-0.02342528262894472
42.759320623,0.1469589289719654,0.14140799779982607,0.15574985663965665,0.0235945081311284,-0.007630520414775965,-0.020574542835245957
42.80938988,0.1465729040594753,0.14305135779586617,0.15618325829022836,0.02296448916236571,-0.008316664309523603,-0.02056465638142413
42.859460332,0.13691763328136797,0.1353534152998687,0.151563620839549,0.022017836168116922,-0.013214055413298453,-0.023454812881289477
42.90952917,0.14141755331890107,0.1420960753286285,0.15270232796420843,0.02105782260395639,-0.009556424753038861,-0.020658220308409803
42.959816604,0.14077340048751977,0.14351787890598341,0.14800296974498425,0.019852036744702595,-0.010145506575796936,-0.020907423968616
43.00956403,0.14003101798327836,0.14064227649804623,0.15296502637156664,0.021445375722009885,-0.01056604963379737,-0.024123585120535473
43.05930116,0.13489551086502422,0.14175951623831354,0.15274495670423477,0.016810186239570868,-0.015071518739374845,-0.024279780081386093
43.109292273,0.1338974467594113,0.14276223595035512,0.1481520846911319,0.015165721145060651,-0.010726326430232191,-0.021364213342463856
43.159599344,0.13274648481346102,0.13840628676617886,0.14271928699279537,0.01341115091071643,-0.010628823209930083,-0.021382823361742354
43.209244136,0.13150204480532587,0.14435392909238806,0.14694514536659867,0.011670553039643927,-0.010486725652611106,-0.02144898985091981
43.259354043,0.12578290805145503,0.14041620067664362,0.14622633714128083,0.009743649417663036,-0.014748209480893948,-0.024730636732089195
43.309339576,0.12438894606040539,0.14061328791129307,0.14133322141134685,0.00814089907403659,-0.01016392680246625,-0.02197839892288389
43.359613702,0.12302436724936121,0.14058343421771408,0.1406634235468732,0.006771269257702883,-0.010013689391635161,-0.022487703897912326
43.409523404,0.12182153079471947,0.13578245629767033,0.14010484819153138,0.008972454463649804,-0.009773260122038607,-0.02644427169465491
43.460014315,0.12075224191349875,0.13521653882932733,0.13570099797981666,0.008436354587635364,-0.005166587080895901,-0.024263499982646763
43.509481968,0.11547223832170603,0.13455777547780434,0.1308413719332075,0.0049314199375594114,-0.009410643662545404,-0.02514173699273403
43.559782589,0.11467969182810282,0.13390012245863464,0.1353367512277984,0.00491278204285539,-0.009253980380457882,-0.02583497153936065
43.609600101,0.11419099076053323,0.12870891528469522,0.13509208129191186,0.008400330959824842,-0.00880695331561121,-0.029548891885256445
43.659568297,0.11395059470690641,0.12813918196365023,0.13083041902713885,0.0087957062918953,-0.0037189232301519937,-0.026681289583804002
43.709356061,0.10982318464473065,0.12765767366328343,0.12584341553853082,0.006128010610677137,-0.006829924437797175,-0.026799220367053955
43.759673079,0.11009541100853956,0.12722761454128048,0.1299619854209471,0.006837477721018281,-0.005534593427676704,-0.026824845789532148
43.810059286,0.11061638297676542,0.1267815122114046,0.1295046520703475,0.00785128250224254,-0.0039750376495026885,-0.02678687176192618
43.859613131,0.10727458815812466,0.12181626706393349,0.12900512999760003,0.009360927953202314,-0.006296766124901154,-0.02983702155117829
43.90929892,0.10816750735358296,0.12119436854015476,0.12466272553676326,0.010820623694944409,-3.919086855930232e-06,-0.0266752749496737
43.959472515,0.1091592212731907,0.11057124588869414,0.11981509963245289,0.015617184276707441,0.001955519867133937,-0.030274247056511605
44.010058719,0.1101914700471285,0.11945437642129735,0.14298464081100043,0.01406594903390257,-0.01773415206615514,-0.043584066237213115
44.059869994,0.10624749535840915,0.10838753510037961,0.1615382791234257,0.01897023897409511,-0.04178619749337997,-0.06691126764783029
44.109296012,0.10821672460114466,0.11238448550630878,0.1899546338701278,0.017605429683793083,-0.06990881011510108,-0.08710926904984273
44.159540989,0.10913417205605713,0.10569670217249125,0.20916622182977782,0.0190135462835741,-0.09407960875878896,-0.10744136476039845
44.210328801,0.1100571912766334,0.10956577130839729,0.23825614038988255,0.020403444635241463,-0.11824875325011064,-0.12786517813911313
44.259174531,0.11092407727115527,0.10352931080333462,0.26267902756715694,0.024819776740989674,-0.14247123196699807,-0.15155876095483745
44.309620068,0.10782512923531108,0.10230313151388888,0.2872224866672629,0.022968117048539405,-0.17071577530031945,-0.17173469283569265
44.359404164,0.10872737586261559,0.10124795319283257,0.3118585711958852,0.023931409492011113,-0.19489808098498784,-0.19174924694543094
44.409594989,0.10968207699770743,0.10043533297774983,0.33656743214507245,0.02471674945849678,-0.21902459145614017,-0.21155169061810142
44.459938471,0.11060160334557852,0.0952780113457476,0.36133460527706746,0.028485501564062155,-0.24320762355886494,-0.23435285867812272
44.50992303,0.1074022019112862,0.09493160354031975,0.3861493139668266,0.025890115624657817,-0.27156953742912826,-0.25361888115140685
44.559496431,0.10306051139783418,0.08936851644725122,0.4060297386564884,0.02612982701063693,-0.29607738915272375,-0.27261955980730646
44.609284879,0.10840414344496217,0.0902460881553488,0.4358904572995573,0.02933400752529014,-0.32080173870172946,-0.29446761342114725
44.659528984,0.10864074570379437,0.09039239871041042,0.46080560943079973,0.029232672690119088,-0.34568977568384796,-0.3129768794735588
44.709352927,0.10457394258895301,0.09087210864283397,0.48574488869928895,0.025672459762994926,-0.3749741970229161,-0.33117257719116866
44.759453593,0.10446006479147492,0.09176565791635279,0.5057115335899427,0.024956389727299744,-0.40027319425857755,-0.3489708125733135
44.809322195,0.10421290232437735,0.09320102916035918,0.5356837502316792,0.023849599601501126,-0.42574612711570037,-0.36632236878911995
44.8594898,0.09983960830713132,0.08556129549905687,0.5556784539583579,0.022248980003999996,-0.4554761452122573,-0.38598545392769257
44.909911378,0.0996571530721816,0.09361237117070376,0.5856880693151448,0.02053091936497431,-0.48092277808707884,-0.4022940815810059
44.959894372,0.09966679372869469,0.09688662058285596,0.6107105617304521,0.018528631142945784,-0.5061809726502773,-0.41809783745352336
45.009237065,0.09990538868768031,0.09688239633191048,0.6357449011050557,0.019045498261474947,-0.5312313059068758,-0.43595996421970185
45.059655297,0.09643113471866706,0.1013133890329191,0.6607900543569808,0.013639363402481841,-0.5601880870201255,-0.4508774814641203
45.109206906,0.09716185422849401,0.10608905862253462,0.6858451436837528,0.011297905875849779,-0.5848374240306446,-0.46549006160777084
45.159162139,0.12160193039272646,0.13339953436569343,0.710909419356583,0.011297905875849779,-0.5848374240306446,-0.46549006160777084
45.209588579,0.14627280160507636,0.16074344586549785,0.7309670186262037,0.011297905875849779,-0.5848374240306446,-0.46549006160777084
45.259740017,0.17107598059327725,0.1881199261413972,0.7610630453216363,0.011297905875849779,-0.5848374240306446,-0.46549006160777084
45.309344331,0.195962435880996,0.21552872990273902,0.7861513616698028,0.011297905875849779,-0.5848374240306446,-0.46549006160777084
45.359724677,0.22090512415046568,0.24296988596549388,0.8062271396821408,0.011297905875849779,-0.5848374240306446,-0.46549006160777084
45.410233758,0.24588795300175229,0.2704435604088027,0.8363489104506602,0.011297905875849779,-0.5848374240306446,-0.46549006160777084
45.459384949,0.27090077225664155,0.29794999508079617,0.8564352541029862,0.011297905875849779,-0.5848374240306446,-0.46549006160777084
45.509650926,0.29593687957602766,0.3254894771120118,0.886572155184997,0.011297905875849779,-0.5848374240306446,-0.46549006160777084
45.560015463,0.3209916837580364,0.3530623226028044,0.9116927408205844,0.011297905875849779,-0.5848374240306446,-0.46549006160777084
45.609654501,0.34606194468070584,0.3806688673429136,0.9368190079222634,0.011297905875849779,-0.5848374240306446,-0.46549006160777084
45.659382787,0.3711453194607851,0.40830946125717005,0.9619507690225899,0.011297905875849779,-0.5848374240306446,-0.46549006160777084
45.710387734,0.39624008009753603,0.43598446493523246,0.9870878590611959,0.011297905875849779,-0.5848374240306446,-0.46549006160777084
45.759870073,0.42134493155397856,0.4636942473808404,1.0122301325919731,0.011297905875849779,-0.5848374240306446,-0.46549006160777084
45.809499606,0.4464588909630239,0.49143918450246105,1.0373774613910485,0.011297905875849779,-0.5848374240306446,-0.46549006160777084
45.859352995,0.47158120528832803,0.5192196580697063,1.0625297323993224,0.011297905875849779,-0.5848374240306446,-0.46549006160777084
45.909743913,0.49671129388938284,0.5470360549706265,1.0876868459455378,0.011297905875849779,-0.5848374240306446,-0.46549006160777084
45.959745271,0.5218487076326963,0.5748887666681346,1.1128487142056536,0.011297905875849779,-0.5848374240306446,-0.46549006160777084
46.009759821,0.5469930992484932,0.6027781887909387,1.1329815799278784,0.011297905875849779,-0.5848374240306446,-0.46549006160777084
46.05966504,0.5721442014871001,0.6307047208169616,1.163186414931303,0.011297905875849779,-0.5848374240306446,-0.46549006160777084
46.109380687,0.5973018107847519,0.658668765821172,1.188362119738708,0.011297905875849779,-0.5848374240306446,-0.46549006160777084
46.159257439,0.6224657748859029,0.6866707302688734,1.2135423220128836,0.011297905875849779,-0.5848374240306446,-0.46549006160777084
46.209450243,0.6476359833497418,0.7147110238412272,1.238726976088567,0.011297905875849779,-0.5848374240306446,-0.46549006160777084
46.259613399,0.6728123601882889,0.742790059283709,1.263916042199317,0.011297905875849779,-0.5848374240306446,-0.46549006160777084
46.309379044,0.6979948580996849,0.7709082522709304,1.2891094858487906,0.011297905875849779,-0.5848374240306446,-0.46549006160777084
46.359788156,0.7231834539091476,0.799066021282883,1.3143072772497673,0.011297905875849779,-0.5848374240306446,-0.46549006160777084
46.409571544,0.7483781449339717,0.8272637874891596,1.3395093908219493,0.011297905875849779,-0.5848374240306446,-0.46549006160777084
46.459317686,0.773578946062555,0.8555019746384163,1.3647158047407986,0.011297905875849779,-0.5848374240306446,-0.46549006160777084
46.509870361,0.7987858873902149,0.8837810089510699,1.3899265005308163,0.011297905875849779,-0.5848374240306446,-0.46549006160777084
46.559213898,0.8239990122928813,0.9121013190137157,1.4151414626976309,0.011297905875849779,-0.5848374240306446,-0.46549006160777084
46.609704104,0.8492183758478543,0.9404633356740267,1.4403606783939864,0.011297905875849779,-0.5848374240306446,-0.46549006160777084
46.659260137,0.8744440435316908,0.968867491935216,1.4655841371154643,0.011297905875849779,-0.5848374240306446,-0.46549006160777084
46.709478794,0.8996760901408789,0.9973142228492738,1.4908118304222446,0.011297905875849779,-0.5848374240306446,-0.46549006160777084
46.761099266,0.9249145988927597,1.0258039654083984,1.5160437516837892,0.011297905875849779,-0.5848374240306446,-0.46549006160777084
46.809482252,0.9501596606731325,1.0543371584341081,1.5412798958436698,0.011297905875849779,-0.5848374240306446,-0.46549006160777084
46.860286913,0.9754113734039054,1.082914242463602,1.5665202592021397,0.011297905875849779,-0.5848374240306446,-0.46549006160777084
46.9094221,1.000669841509466,1.1115356596330537,1.5917648392143828,0.011297905875849779,-0.5848374240306446,-0.46549006160777084
46.959251918,1.0259351754646437,1.140201853557507,1.6170136343025447,0.011297905875849779,-0.5848374240306446,-0.46549006160777084
47.009329951,1.0512074914103509,1.1689132692071302,1.6422666436799978,0.011297905875849779,-0.5848374240306446,-0.46549006160777084
47.059266427,1.076486910825634,1.1976703527796129,1.6675238671863626,0.011297905875849779,-0.5848374240306446,-0.46549006160777084
47.109211812,1.1017735602468555,1.2264735515684668,1.692785305132065,0.011297905875849779,-0.5848374240306446,-0.46549006160777084
47.159184338,1.1270675710263927,1.255323313827126,1.7180509581513395,0.011297905875849779,-0.5848374240306446,-0.46549006160777084
47.209990597,1.1523690791245527,1.2842200886285833,1.7433208270626401,0.011297905875849779,-0.5848374240306446,-0.46549006160777084
47.259160954,1.177678224929462,1.3131643257205152,1.7685949127356795,0.011297905875849779,-0.5848374240306446,-0.46549006160777084
47.309378643,1.2029951531005454,1.3421564753757038,1.793873215964239,0.011297905875849779,-0.5848374240306446,-0.46549006160777084
47.359323597,1.2283200124318898,1.3711969882376267,1.8191557373441432,0.011297905875849779,-0.5848374240306446,-0.46549006160777084
47.409502059,1.25365295573243,1.4002863151611356,1.844442477155747,0.011297905875849779,-0.5848374240306446,-0.46549006160777084
47.459581851,1.278994139720279,1.429424907048098,1.869733435250412,0.011297905875849779,-0.5848374240306446,-0.46549006160777084
47.509343942,1.3043437249289747,1.458613214677874,1.895028610940488,0.011297905875849779,-0.5848374240306446,-0.46549006160777084
47.560331321,1.3297018756237096,1.487851688532576,1.920328002892367,0.011297905875849779,-0.5848374240306446,-0.46549006160777084
47.609321915,1.355068759725904,1.5171407786170013,1.945631609022248,0.011297905875849779,-0.5848374240306446,-0.46549006160777084
47.660325126,1.380444548744652,1.5464809342731412,1.970939426394236,0.011297905875849779,-0.5848374240306446,-0.46549006160777084
47.709224259,1.4058294177138402,1.575872603989211,1.996251451120514,0.011297905875849779,-0.5848374240306446,-0.46549006160777084
47.759431408,1.4312235451338233,1.605316235203124,2.0215676782632843,0.011297905875849779,-0.5848374240306446,-0.46549006160777084
47.809234082,1.4566271129166823,1.6348122741003146,2.0468881017382636,0.011297905875849779,-0.5848374240306446,-0.46549006160777084
47.859311679,1.4820403063342606,1.6643611654058692,2.0722127142194844,0.011297905875849779,-0.5848374240306446,-0.46549006160777084
47.909218139,1.5074633139681954,1.6939633521709225,2.0975415070452756,0.011297905875849779,-0.5848374240306446,-0.46549006160777084
47.961126949,1.5328963276612828,1.7236192755532243,2.1228744701251836,0.011297905875849779,-0.5848374240306446,-0.46549006160777084
48.010928808,1.5583395424695659,1.7533293745918466,2.148211591847735,0.011297905875849779,-0.5848374240306446,-0.46549006160777084
48.060623268,1.5837931566146108,1.7830940859760112,2.1684842746184474,0.011297905875849779,-0.5848374240306446,-0.46549006160777084
48.109184112,1.6092573714354632,1.8129138438079517,2.1988982566211943,0.011297905875849779,-0.5848374240306446,-0.46549006160777084
48.159452389,1.6296365130388732,1.8368095734322147,2.219177537506366,0.011297905875849779,-0.5848374240306446,-0.46549006160777084
48.209776064,1.660218423754127,1.8727202208246352,2.2496013745892283,0.011297905875849779,-0.5848374240306446,-0.46549006160777084
48.260014441,1.6857156790718137,1.9027076930610762,2.269887194599767,0.011297905875849779,-0.5848374240306446,-0.46549006160777084
48.310106607,1.7112243705999852,1.932751917332441,2.3003207888344885,0.011297905875849779,-0.5848374240306446,-0.46549006160777084
48.359830778,1.736744714503548,1.9628533110394177,2.320613076121374,0.011297905875849779,-0.5848374240306446,-0.46549006160777084
48.409231945,1.7622769297468652,1.9930122874468645,2.3510563094325367,0.011297905875849779,-0.5848374240306446,-0.46549006160777084
48.459867714,1.787821238032533,2.023229255404581,2.3713549781452126,0.011297905875849779,-0.5848374240306446,-0.46549006160777084
48.50919743,1.8133778637369518,2.0535046190620125,2.40180771060212,0.011297905875849779,-0.5848374240306446,-0.46549006160777084
48.559978048,1.838947033842492,2.0838387775770064,2.427189285341632,0.011297905875849779,-0.5848374240306446,-0.46549006160777084
48.610692749,1.8645289778659635,2.11423212481857,2.4525747278683383,0.011297905875849779,-0.5848374240306446,-0.46549006160777084
48.660533434,1.89012392778314,2.144685049063714,2.477963998613508,0.011297905875849779,-0.5848374240306446,-0.46549006160777084
48.709235936,1.9157321179491034,2.175197932688418,2.503357055237621,0.011297905875849779,-0.5848374240306446,-0.46549006160777084
48.759944974,1.9413537850142009,2.205771151852754,2.52367419609507,0.011297905875849779,-0.5848374240306446,-0.46549006160777084
48.80989622,1.9669891678353624,2.236405076180269,2.5490739514262293,0.011297905875849779,-0.5848374240306446,-0.46549006160777084
48.859644851,1.9926385073826118,2.267100068431681,2.5795584735905073,0.011297905875849779,-0.5848374240306446,-0.46549006160777084
48.909275034,2.0183020466404926,2.2978564841729536,2.604966191862228,0.011297905875849779,-0.5848374240306446,-0.46549006160777084
48.961089048,2.043980030504293,2.3286746714378865,2.630377439700961,0.011297905875849779,-0.5848374240306446,-0.46549006160777084
49.009316343,2.069672705670818,2.359554970385289,2.655792156316079,0.011297905875849779,-0.5848374240306446,-0.46549006160777084
49.059450577,2.0953803205235597,2.390497712950882,2.6812102775412847,0.011297905875849779,-0.5848374240306446,-0.46549006160777084
49.109229617,2.121103125012051,2.4215032224940276,2.7066317357502414,0.011297905875849779,-0.5848374240306446,-0.46549006160777084
49.159792702,2.1468413705252654,2.4525718134394494,2.732056459772974,0.011297905875849779,-0.5848374240306446,-0.46549006160777084
49.209849703,2.1725953097588664,2.4837037909140807,2.7574843748130697,0.011297905875849779,-0.5848374240306446,-0.46549006160777084
49.259254098,2.198365196576152,2.514899450379179,2.777828951749142,0.011297905875849779,-0.5848374240306446,-0.46549006160777084
49.309267311,2.2241512858625656,2.5461590772579625,2.808349460137318,0.011297905875849779,-0.5848374240306446,-0.46549006160777084
49.360239876,2.2499538333735827,2.5774829465588356,2.8286988303426863,0.011297905875849779,-0.5848374240306446,-0.46549006160777084
49.40916134,2.275773095575859,2.6088713224945113,2.859226317738354,0.011297905875849779,-0.5848374240306446,-0.46549006160777084
49.459616871,2.3016093294815034,2.6340286384433025,2.879580194076976,0.011297905875849779,-0.5848374240306446,-0.46549006160777084
49.50917113,2.3274627924753672,2.6718425948299225,2.9101142104848856,0.011297905875849779,-0.5848374240306446,-0.46549006160777084
49.559469077,2.353333742135165,2.7034259621948067,2.9355620468144785,0.011297905875849779,-0.5848374240306446,-0.46549006160777084
49.60966155,2.3792224360444214,2.7350747773375397,2.961012335656787,0.011297905875849779,-0.5848374240306446,-0.46549006160777084
49.659486318,2.40512913159805,2.7667892446493414,2.986464966039731,0.011297905875849779,-0.5848374240306446,-0.46549006160777084
49.709216014,2.431054085800535,2.79856955536608,3.0119198226059547,0.011297905875849779,-0.5848374240306446,-0.46549006160777084
49.759386078,2.456997555056594,2.8304158871650285,3.037376785546592,0.011297905875849779,-0.5848374240306446,-0.46549006160777084
49.810847658,2.4829597949542843,2.855940598278341,3.057743789096042,0.011297905875849779,-0.5848374240306446,-0.46549006160777084
49.859186445,2.50894106004047,2.8943072544921105,3.088296528676919,0.011297905875849779,-0.5848374240306446,-0.46549006160777084
49.909210265,2.5349416035886203,2.926352573925683,3.1086664118760874,0.011297905875849779,-0.5848374240306446,-0.46549006160777084
49.959576478,2.560961677358883,2.9584644814343624,3.139223145562655,0.011297905875849779,-0.5848374240306446,-0.46549006160777084
50.009885979,2.587001531350421,2.9906430807930673,3.1595954675480686,0.011297905875849779,-0.5848374240306446,-0.46549006160777084
50.059461005,2.613061413546015,3.022888459767044,3.1901555112893303,0.011297905875849779,-0.5848374240306446,-0.46549006160777084
50.110098176,2.639141569648906,3.055200689701412,3.210529800706199,0.011297905875849779,-0.5848374240306446,-0.46549006160777084
50.160720096,2.6652422428119227,3.0875798251112028,3.241092424247856,0.011297905875849779,-0.5848374240306446,-0.46549006160777084
50.209710366,2.691363673358911,3.1200259032723126,3.2665621891063514,0.011297905875849779,-0.5848374240306446,-0.46549006160777084
50.259288757,2.71750609849852,3.1525389438138234,3.2920326046959176,0.011297905875849779,-0.5848374240306446,-0.46549006160777084
50.309324328,2.7436697520304185,3.1851189483120774,3.317503498642345,0.011297905875849779,-0.5848374240306446,-0.46549006160777084
50.359437795,2.7698548640439977,3.217765899887075,3.3429746935509326,0.011297905875849779,-0.5848374240306446,-0.46549006160777084
50.40922788,2.796061660609676,3.25047976280155,3.3684460069829822,0.011297905875849779,-0.5848374240306446,-0.46549006160777084
50.45983953,2.8222903634629444,3.283260482063331,3.388823017234888,0.011297905875849779,-0.5848374240306446,-0.46549006160777084
50.509179212,2.848541189681227,3.316107983031392,3.4193882343334416,0.011297905875849779,-0.5848374240306446,-0.46549006160777084
50.559567361,2.874814351353771,3.3490221710261694,3.444858758007125,0.011297905875849779,-0.5848374240306446,-0.46549006160777084
50.610477578,2.9011100552447053,3.3820029309446533,3.4703286197008723,0.011297905875849779,-0.5848374240306446,-0.46549006160777084
50.66098581,2.927428502449468,3.415050126880779,3.490703892927745,0.011297905875849779,-0.5848374240306446,-0.46549006160777084
50.709252107,2.9537698880448167,3.448163601751687,3.5212655206743966,0.011297905875849779,-0.5848374240306446,-0.46549006160777084
50.759840407,2.9801344007326636,3.4813431769303826,3.546732129017824,0.011297905875849779,-0.5848374240306446,-0.46549006160777084
50.809713849,3.0065222224779586,3.5145886518854077,3.57219721353763,0.011297905875849779,-0.5848374240306446,-0.46549006160777084
50.8594738,3.032933528140934,3.547899803828041,3.5976605461417925,0.011297905875849779,-0.5848374240306446,-0.46549006160777084
50.909485385,3.059368485103993,3.5812763873676654,3.6231218937353753,0.011297905875849779,-0.5848374240306446,-0.46549006160777084
50.959746717,3.085827252893533,3.6147181341758534,3.648581018255958,0.011297905875849779,-0.5848374240306446,-0.46549006160777084
51.009212296,3.1123099827971026,3.6482247526598095,3.67403767671538,0.011297905875849779,-0.5848374240306446,-0.46549006160777084
51.059341361,3.1388168174762114,3.6817959276457293,3.69949162124794,0.011297905875849779,-0.5848374240306446,-0.46549006160777084
51.109590689,3.1653478905751715,3.715431320072718,3.7249425991652165,0.011297905875849779,-0.5848374240306446,-0.46549006160777084
51.159201886,3.191903326326414,3.7491305666978536,3.750390353017608,0.011297905875849779,-0.5848374240306446,-0.46549006160777084
51.209730342,3.218483239152689,3.782893279813046,3.7758346206627458,0.011297905875849779,-0.5848374240306446,-0.46549006160777084
51.259529853,3.245087733266606,3.8099488698534225,3.796187345600148,0.011297905875849779,-0.5848374240306446,-0.46549006160777084
51.309316855,3.271716902267971,3.850607430743744,3.8267116257572784,0.011297905875849779,-0.5848374240306446,-0.46549006160777084
51.359478334,3.2983708287394506,3.884557968445945,3.8521438161719868,0.011297905875849779,-0.5848374240306446,-0.46549006160777084
51.409440013,3.3250495838410505,3.918570171937552,3.8775714264965955,0.011297905875849779,-0.5848374240306446,-0.46549006160777084
51.459312356,3.351753226903955,3.9526435273924725,3.9029941723985284,0.011297905875849779,-0.5848374240306446,-0.46549006160777084
51.509207304,3.3784818050243004,3.9867774951022317,3.928411765412708,0.011297905875849779,-0.5848374240306446,-0.46549006160777084
51.560009508,3.405235352657433,4.020971509292444,3.9538239130606407,0.011297905875849779,-0.5848374240306446,-0.46549006160777084
51.609802494,3.4320138912132907,4.055224977955923,3.979230318977042,0.011297905875849779,-0.5848374240306446,-0.46549006160777084
51.659227752,3.458817428653476,4.0895372827030325,4.004630683044006,0.011297905875849779,-0.5848374240306446,-0.46549006160777084
51.709360464,3.4856459590907094,4.123907778629872,4.030024701532704,0.011297905875849779,-0.5848374240306446,-0.46549006160777084
51.760707063,3.512499462391267,4.1583357942048105,4.055412067252685,0.011297905875849779,-0.5848374240306446,-0.46549006160777084
51.810220498,3.5393779037811215,4.192820631173998,4.080792469708701,0.011297905875849779,-0.5848374240306446,-0.46549006160777084
51.860928992,3.5662812334564102,4.2273615644862925,4.106165595265074,0.011297905875849779,-0.5848374240306446,-0.46549006160777084
51.909246918,3.5932093861990135,4.261957842238262,4.13153112731758,0.011297905875849779,-0.5848374240306446,-0.46549006160777084
51.959964692,3.620162280997855,4.29660868563962,4.15688874647273,0.011297905875849779,-0.5848374240306446,-0.46549006160777084
52.009803209,3.6471398206767565,4.331313288999702,4.182238130734483,0.011297905875849779,-0.5848374240306446,-0.46549006160777084
52.059614883,3.674141891529475,4.36607081973539,4.207578955698216,0.011297905875849779,-0.5848374240306446,-0.46549006160777084
52.10931069,3.701168362962765,4.400880418400932,4.232910894751889,0.011297905875849779,-0.5848374240306446,-0.46549006160777084
52.159326995,3.7282190871481404,4.435741198740135,4.258233619284305,0.011297905875849779,-0.5848374240306446,-0.46549006160777084
52.209264831,3.755293898683146,4.470652247761252,4.283546798900294,0.011297905875849779,-0.5848374240306446,-0.46549006160777084
52.260360633,3.782392614262882,4.505612625835017,4.308850101642724,0.011297905875849779,-0.5848374240306446,-0.46549006160777084
52.309176542,3.8095150323625373,4.540621366816114,4.334143194221107,0.011297905875849779,-0.5848374240306446,-0.46549006160777084
52.360790879,3.8366609329317196,4.575677478188425,4.3594257422466764,0.011297905875849779,-0.5848374240306446,-0.46549006160777084
52.410753474,3.8638300771013427,4.610779941234369,4.384697410473709,0.011297905875849779,-0.5848374240306446,-0.46549006160777084
52.460280789,3.8910222069038096,4.645927711228538,4.404906685919653,0.011297905875849779,-0.5848374240306446,-0.46549006160777084
52.50930965,3.918237045007318,4.681119717655904,4.435206763754368,0.011297905875849779,-0.5848374240306446,-0.46549006160777084
52.559526283,3.945474294464942,4.716354864454754,4.455397340973636,0.011297905875849779,-0.5848374240306446,-0.46549006160777084
52.609343152,3.972733638479329,4.751632030284545,4.485668564500355,0.011297905875849779,-0.5848374240306446,-0.46549006160777084
52.659238689,4.000014740183703,4.786950068818764,4.510880792687331,0.011297905875849779,-0.5848374240306446,-0.46549006160777084
52.709427752,4.027317242439862,4.82230780906289,4.5360801258482555,0.011297905875849779,-0.5848374240306446,-0.46549006160777084
52.759504634,4.05464076765397,4.857704055697521,4.561266229970695,0.011297905875849779,-0.5848374240306446,-0.46549006160777084
52.80959434,4.081984917610741,4.893137589446667,4.586438772311206,0.011297905875849779,-0.5848374240306446,-0.46549006160777084
52.859299368,4.109349273326726,4.928607167471129,4.611597421681118,0.011297905875849779,-0.5848374240306446,-0.46549006160777084
52.909148024,4.136733394923372,4.9641115237869755,4.636741848735665,0.011297905875849779,-0.5848374240306446,-0.46549006160777084
52.959197705,4.16413682152044,4.999649369708932,4.661871726266079,0.011297905875849779,-0.5848374240306446,-0.46549006160777084
53.009309082,4.1915590711504125,5.035219394318542,4.686986729494254,0.011297905875849779,-0.5848374240306446,-0.46549006160777084
53.060784792,4.218999640694464,5.070820264956939,4.70706780606192,0.011297905875849779,-0.5848374240306446,-0.46549006160777084
53.111146137,4.246458005840525,5.106450627741932,4.73717082786759,0.011297905875849779,-0.5848374240306446,-0.46549006160777084
53.159424238,4.273933621063972,5.142109108109161,4.7622392882897655,0.011297905875849779,-0.5848374240306446,-0.46549006160777084
53.209633852,4.301425919631419,5.177794311376966,4.787291605564478,0.011297905875849779,-0.5848374240306446,-0.46549006160777084
53.259500012,4.328934313628045,5.2135048233346355,4.81232747154819,0.011297905875849779,-0.5848374240306446,-0.46549006160777084
53.310194666,4.356458194008902,5.249239210853568,4.83734658232673,0.011297905875849779,-0.5848374240306446,-0.46549006160777084
53.360385839,4.38399693067452,5.284996022520952,4.857349605855901,0.011297905875849779,-0.5848374240306446,-0.46549006160777084
53.409289965,4.411549872571207,5.320773789295402,4.887333345562197,0.011297905875849779,-0.5848374240306446,-0.46549006160777084
53.46037452,4.4391163478162765,5.349410092356702,4.907308425142063,0.011297905875849779,-0.5848374240306446,-0.46549006160777084
53.509781154,4.466695663848477,5.392386227940559,4.937249559947291,0.011297905875849779,-0.5848374240306446,-0.46549006160777084
53.560222083,4.4942871076038085,5.428217879783182,4.957195785218679,0.011297905875849779,-0.5848374240306446,-0.46549006160777084
53.609802928,4.521889945716923,5.4640644481326675,4.9870929769385715,0.011297905875849779,-0.5848374240306446,-0.46549006160777084
